Região/Unidade da Federação	1992/Mar	1992/Abr	1993/Mai	1993/Dez	1994/Jan	1994/Fev	1994/Mai	1994/Ago	1994/Nov	1995/Jan	1995/Mar	1995/Jun	1995/Ago	1995/Dez	1996/Fev	1996/Mar	1996/Ago	1996/Dez	1997/Fev	1997/Nov	1998/Fev	1998/Mar	1998/Jul	1998/Ago	1998/Set	1998/Out	1998/Dez	1999/Fev	1999/Mar	1999/Mai	1999/Jul	1999/Ago	1999/Set	1999/Out	1999/Nov	1999/Dez	2000/Jan	2000/Fev	2000/Mar	2000/Abr	2000/Mai	2000/Jun	2000/Jul	2000/Ago	2000/Set	2000/Out	2000/Nov	2000/Dez	2001/Jan	2001/Fev	2001/Mar	2001/Abr	2001/Mai	2001/Jun	2001/Jul	2001/Ago	2001/Set	2001/Nov	2001/Dez	2002/Jan	2002/Fev	2002/Mar	2002/Mai	2002/Jun	2002/Jul	2002/Out	2002/Nov	2002/Dez	2003/Jan	2003/Fev	2003/Mar	2003/Abr	2003/Jun	2003/Jul	2003/Ago	2003/Out	2003/Nov	2003/Dez	2004/Jan	2004/Fev	2004/Mar	2004/Abr	2004/Mai	2004/Jun	2004/Jul	2004/Ago	2004/Set	2004/Out	2004/Nov	2004/Dez	2005/Jan	2005/Fev	2005/Mar	2005/Abr	2005/Mai	2005/Jun	2005/Jul	2005/Ago	2005/Set	2005/Out	2005/Nov	2005/Dez	2006/Jan	2006/Fev	2006/Mar	2006/Abr	2006/Mai	2006/Jun	2006/Jul	2006/Ago	2006/Set	2006/Out	2006/Nov	2006/Dez	2007/Jan	2007/Fev	2007/Mar	2007/Abr	2007/Mai	2007/Jun	2007/Jul	2007/Ago	2007/Set	2007/Out	2007/Nov	2007/Dez	2008/Jan	2008/Fev	2008/Mar	2008/Abr	2008/Mai	2008/Jun	2008/Jul	2008/Ago	2008/Set	2008/Out	2008/Nov	2008/Dez	2009/Jan	2009/Fev	2009/Mar	2009/Abr	2009/Mai	2009/Jun	2009/Jul	2009/Ago	2009/Set	2009/Out	2009/Nov	2009/Dez	2010/Jan	2010/Fev	2010/Mar	2010/Abr	2010/Mai	2010/Jun	2010/Jul	2010/Ago	2010/Set	2010/Out	2010/Nov	2010/Dez	2011/Jan	2011/Fev	2011/Mar	2011/Abr	2011/Mai	2011/Jun	2011/Jul	2011/Ago	2011/Set	2011/Out	2011/Nov	2011/Dez	2012/Jan	2012/Fev	2012/Mar	2012/Abr	2012/Mai	2012/Jun	2012/Jul	2012/Ago	2012/Set	2012/Out	2012/Nov	2012/Dez	2013/Jan	2013/Fev	2013/Mar	2013/Abr	2013/Mai	2013/Jun	2013/Jul	2013/Ago	2013/Set	2013/Out	2013/Nov	2013/Dez	2014/Jan	2014/Fev	2014/Mar	2014/Abr	2014/Mai	2014/Jun	2014/Jul	2014/Ago	2014/Set	2014/Out	2014/Nov	2014/Dez	2015/Jan	2015/Fev	2015/Mar	2015/Abr	2015/Mai	2015/Jun	2015/Jul	2015/Ago	2015/Set	2015/Out	2015/Nov	2015/Dez	2016/Jan	2016/Fev	2016/Mar	2016/Abr	2016/Mai	2016/Jun	2016/Jul	2016/Ago	2016/Set	2016/Out	2016/Nov	2016/Dez	2017/Jan	2017/Fev	2017/Mar	2017/Abr	2017/Mai	2017/Jun	2017/Jul	2017/Ago	2017/Set	2017/Out	2017/Nov	2017/Dez	2018/Jan	2018/Fev	2018/Mar	2018/Abr	2018/Mai	2018/Jun	2018/Jul	2018/Ago	2018/Set	2018/Out	2018/Nov	2018/Dez	2019/Jan	2019/Fev	2019/Mar	2019/Abr	2019/Mai	2019/Jun	2019/Jul	2019/Ago	2019/Set	2019/Out	2019/Nov	2019/Dez	2020/Jan	2020/Fev	2020/Mar	2020/Abr	2020/Mai	2020/Jun	2020/Jul	2020/Ago	2020/Set	Total
Fonte: Ministério da Saúde - Sistema de Informações Hospitalares do SUS (SIH/SUS)

Notas:
Dados referentes aos últimos seis meses, sujeitos a atualização.
A partir do processamento de junho de 2012, houve mudança na classificação da natureza e esfera dos estabelecimentos. Com isso, temos que:
Até maio de 2012 estas informações estão disponíveis como "Natureza" e "Esfera Administrativa".
De junho de 2012 a outubro de 2015, estão disponíveis tanto como "Natureza" e "Esfera Administrativa", como "Natureza Jurídica" e "Esfera Jurídica".
A partir de novembro de 2015, estão disponíveis como "Natureza Jurídica" e "Esfera Jurídica".
 
TOTAL	40.243,16	11.449,99	34.583,77	68.556,52	39.809,34	19.904,67	19.904,67	34.532,40	23.374,12	19.904,67	24.509,71	19.442,14	10.536,67	34.523,06	14.672,77	34.569,76	37.331,15	19.904,67	38.882,55	75.358,43	16.133,26	2.750,47	859.884,95	1.675.816,64	1.398.817,11	18.977,88	26.050,45	167.713,68	149.751,54	54.437,07	54.469,76	30.441,34	80.286,48	20.502,61	167.831,88	93.218,69	43.380,46	28.881,27	6.769,62	20.304,30	42.780,60	25.947,09	81.961,25	40.323,89	37.674,09	5.482,36	28.518,26	4.659,42	210.609,49	377.597,29	18.515,35	3.818,14	90.231,99	19.904,67	5.914,46	21.166,79	45.220,94	97.349,49	11.116,57	37.218,28	23.589,47	12.295,07	18.977,88	18.977,88	57.860,43	63.103,85	19.942,62	19.904,67	39.248,13	6.270,30	54.578,73	39.729,48	22.221,92	19.904,67	2.188,91	91.152,01	777,31	86.074,23	63.994,76	92.392,83	199.189,40	17.040,13	19.904,67	54.089,02	55.284,23	80.232,63	57.860,43	75.911,52	19.904,67	60.842,31	128.768,25	22.183,56	5.309,27	11.460,90	15.962,52	242.614,46	26.345,43	12.288,96	80.635,37	65.546,15	9.589,44	102.887,27	473.978,02	124.671,40	45.915,36	42.651,25	24.913,67	140.193,00	63.723,52	1.161,17	30.551,13	844,91	1.442,30	31.338,56	88.356,09	104.268,70	52.254,70	30.547,59	81.418,68	321.893,51	1.278.784,71	8.233.724,90	21.279.921,98	65.884.400,02	148.968.559,33	333.103.304,40	2.046.386.211,07	643.062.788,04	698.668.085,26	707.691.281,89	707.825.896,13	707.847.351,66	742.167.378,17	719.203.306,00	730.360.666,91	758.215.292,97	738.278.789,45	723.264.368,03	824.258.431,92	714.324.056,21	874.270.409,46	835.896.402,34	855.746.320,10	850.104.445,16	872.344.647,20	874.703.262,08	857.010.228,58	862.980.034,71	839.025.712,83	793.944.024,09	898.293.205,14	782.871.235,68	946.108.735,94	910.524.594,15	938.748.978,10	877.186.777,09	896.198.818,26	953.105.638,50	899.557.836,61	909.029.090,91	890.504.867,38	849.820.471,89	936.325.275,52	887.933.213,89	961.353.559,89	922.512.348,74	986.631.962,88	936.204.026,29	945.286.394,03	994.639.607,57	931.735.753,87	945.109.611,20	912.870.728,31	866.970.558,22	965.801.541,78	883.038.674,43	1.005.157.966,75	947.698.102,72	1.033.091.424,60	958.973.703,89	1.000.203.202,35	1.024.925.488,37	954.528.585,57	1.036.673.029,05	929.408.054,98	885.102.195,29	1.059.005.402,39	907.243.015,72	1.036.539.342,38	1.090.798.281,77	1.088.570.782,16	1.050.654.034,78	1.091.916.692,90	1.098.706.737,70	1.081.764.086,43	1.133.122.328,41	1.033.436.332,95	981.448.717,91	1.102.091.757,26	1.024.564.155,17	1.094.127.208,28	1.094.076.981,57	1.156.199.708,45	1.095.002.171,32	1.159.443.069,99	1.148.257.433,40	1.157.606.300,62	1.161.930.174,66	1.090.471.000,69	1.040.356.494,03	1.088.378.971,85	1.001.193.267,12	1.212.265.254,00	1.133.526.004,90	1.182.792.805,70	1.155.485.656,00	1.183.566.359,01	1.179.549.507,24	1.142.749.850,18	1.154.490.475,17	1.113.371.545,32	1.052.185.698,88	1.112.039.419,47	1.069.012.284,66	1.209.571.750,53	1.147.934.306,35	1.207.227.681,15	1.197.746.342,60	1.203.735.677,94	1.221.530.035,40	1.151.673.489,93	1.156.968.823,44	1.104.041.841,73	1.083.202.685,89	1.167.226.063,32	1.066.567.822,04	1.266.037.313,24	1.154.482.258,58	1.284.538.611,82	1.214.562.126,31	1.248.116.592,50	1.299.445.396,82	1.188.504.205,14	1.253.097.652,77	1.186.099.299,42	1.144.147.847,34	1.235.030.097,88	1.107.932.939,72	1.264.382.785,71	1.275.510.981,35	1.307.338.913,04	1.252.732.936,47	1.298.419.592,35	1.332.411.771,84	1.235.530.114,06	1.338.552.875,49	1.245.388.930,13	1.185.057.921,68	1.287.730.796,43	1.204.674.418,94	1.277.084.961,09	1.307.548.297,31	1.380.910.868,15	1.280.276.769,71	1.392.093.426,56	1.360.941.570,93	1.331.985.388,58	1.378.258.844,28	1.284.373.542,48	1.236.357.746,34	1.333.867.679,06	1.218.465.735,61	1.224.480.533,93	1.089.373.229,32	1.296.343.493,54	1.336.519.805,51	1.331.406.746,87	1.037.023.772,89	475.675.652,03	163.229.055.202,82
Região Norte	-	-	-	-	-	-	-	-	-	-	-	-	-	-	-	-	-	-	-	-	-	-	-	-	-	-	-	-	-	-	-	-	-	-	-	-	-	1.283,84	-	-	-	-	-	-	-	-	-	-	-	-	-	-	-	-	-	-	-	-	-	-	-	-	-	-	-	-	-	-	-	-	-	-	-	-	-	-	-	-	-	-	-	-	-	-	-	-	-	-	-	-	-	-	-	-	-	-	-	-	-	-	-	-	-	1.260,10	-	-	-	-	-	-	-	-	-	1.122,46	6.314,34	4.317,88	-	531,94	1.857,59	44.113,23	22.982,95	274.163,86	702.698,79	3.034.989,40	9.438.700,38	24.930.500,29	44.017.418,18	38.844.188,02	42.058.042,63	43.806.481,51	45.231.240,95	44.643.930,10	43.735.684,31	44.224.992,50	44.499.904,46	44.847.041,79	44.277.312,77	44.950.230,48	48.215.212,04	45.308.586,15	54.026.837,93	51.813.801,79	51.645.252,76	50.881.864,42	51.036.564,73	52.887.096,10	51.018.856,28	52.933.630,77	51.308.379,31	49.144.353,01	51.588.403,75	48.521.391,60	56.875.455,88	54.444.882,95	56.246.429,60	52.818.872,35	52.754.387,98	55.104.821,48	54.613.086,14	53.876.926,72	52.932.831,88	51.928.975,79	55.136.001,00	51.902.595,32	58.230.589,86	55.979.350,00	56.620.466,46	54.444.788,75	52.846.176,24	55.923.319,77	54.600.350,78	55.413.352,99	55.780.319,73	51.584.386,02	54.639.995,09	51.521.550,45	59.320.515,36	55.722.383,58	59.415.264,47	53.617.864,04	53.094.524,99	54.670.382,67	53.824.507,08	55.103.142,47	53.152.324,10	50.169.781,28	56.437.194,85	51.484.444,76	58.633.506,04	60.531.140,34	61.041.591,13	57.677.481,85	57.529.646,27	59.261.639,96	59.413.216,19	60.973.431,15	58.478.615,54	55.678.900,76	59.443.228,05	54.703.852,48	59.928.424,63	61.072.718,99	62.831.880,26	59.921.765,85	61.302.030,14	61.310.648,63	62.224.948,44	62.851.660,71	61.416.787,04	59.051.374,54	61.067.251,65	56.837.260,47	66.571.608,65	64.351.187,07	65.442.952,04	64.820.975,51	63.965.978,27	63.858.627,78	63.304.268,50	63.646.163,94	60.016.363,46	58.781.439,14	60.172.414,35	58.738.814,52	66.465.846,38	65.002.308,10	67.415.243,90	66.951.600,51	64.624.380,47	66.779.110,76	64.408.084,04	63.297.806,92	60.975.527,80	62.109.902,36	64.217.572,09	59.962.262,37	71.878.838,68	65.605.194,83	70.562.029,99	68.342.011,18	68.995.718,93	70.621.753,19	68.434.808,74	69.735.041,10	67.354.871,16	66.307.093,09	69.852.825,90	62.859.787,25	70.453.476,50	70.977.643,84	74.367.196,35	70.580.522,95	72.841.735,60	75.410.695,12	71.791.262,67	77.822.894,11	70.003.796,02	68.623.448,48	72.421.205,47	67.715.770,80	72.901.945,25	71.953.402,86	72.079.637,35	68.310.792,30	78.271.579,42	77.340.361,36	76.284.032,02	78.825.983,14	75.414.428,92	74.370.763,81	77.211.272,54	73.828.585,94	71.746.142,83	65.386.660,74	85.133.383,34	79.597.749,35	69.543.466,21	49.557.565,19	14.628.491,62	9.211.173.084,45
.. Rondônia	-	-	-	-	-	-	-	-	-	-	-	-	-	-	-	-	-	-	-	-	-	-	-	-	-	-	-	-	-	-	-	-	-	-	-	-	-	-	-	-	-	-	-	-	-	-	-	-	-	-	-	-	-	-	-	-	-	-	-	-	-	-	-	-	-	-	-	-	-	-	-	-	-	-	-	-	-	-	-	-	-	-	-	-	-	-	-	-	-	-	-	-	-	-	-	-	-	-	-	-	-	-	-	-	-	-	-	-	-	-	-	-	-	-	-	604,33	-	-	-	-	-	4.209,37	16.397,03	133.645,19	346.912,84	711.758,31	1.829.559,71	1.940.792,63	1.955.721,68	2.143.353,81	2.280.382,58	2.624.542,97	2.973.421,02	2.938.286,29	2.843.930,91	2.878.153,20	2.780.022,62	2.651.804,89	3.147.566,24	3.082.108,12	4.190.355,33	4.040.251,62	3.946.423,71	3.372.377,96	3.720.608,86	3.787.323,26	3.679.369,94	3.866.146,99	3.667.808,60	3.633.471,79	3.812.315,59	3.911.776,03	4.663.060,75	4.524.544,88	4.778.755,26	4.369.733,23	4.632.439,12	4.464.307,47	4.668.642,02	4.490.368,23	4.423.840,08	4.384.430,09	4.173.529,95	4.293.085,61	4.674.947,02	5.087.527,81	4.724.192,54	4.690.112,05	4.319.488,17	4.778.472,22	4.202.805,84	4.372.265,77	4.389.025,81	4.045.339,34	4.472.721,53	4.417.486,20	4.859.795,35	4.590.008,82	4.579.463,54	4.467.858,99	4.160.296,03	4.315.005,38	4.043.314,46	4.289.759,65	4.138.600,85	3.966.744,30	4.471.693,32	4.378.412,90	5.495.946,92	5.380.890,26	5.170.015,34	4.899.586,21	5.526.959,19	5.889.685,39	6.367.552,03	6.299.844,72	6.685.861,76	6.163.036,06	6.349.302,00	6.059.111,35	6.740.436,14	6.584.249,21	7.558.087,91	6.934.864,98	7.150.611,14	6.957.882,67	7.057.715,90	7.096.778,40	6.965.306,56	6.803.544,72	6.983.698,79	6.624.059,46	7.501.596,28	7.365.022,91	7.645.734,88	7.545.619,91	7.438.604,96	7.233.618,24	7.425.981,15	7.654.315,58	7.429.006,24	7.580.768,75	7.025.175,60	6.760.305,81	7.779.822,21	7.707.892,66	8.560.529,90	8.355.165,66	7.845.709,98	7.931.146,33	7.554.941,74	7.963.674,01	6.964.512,59	7.174.445,57	7.007.236,18	7.154.710,19	8.762.491,60	8.133.488,55	8.140.639,49	8.041.248,80	8.199.032,67	8.363.386,07	7.889.819,50	8.603.943,85	8.048.398,25	8.159.737,49	8.457.455,71	7.766.983,20	8.858.845,57	8.407.076,44	9.492.938,92	8.206.195,92	9.011.612,58	9.124.967,84	8.406.732,72	8.411.360,02	8.651.081,66	8.193.425,99	8.388.269,45	8.645.315,78	9.050.329,13	9.211.262,51	9.490.545,02	8.600.886,20	8.919.190,86	8.909.111,89	8.409.386,09	8.924.348,41	8.948.605,66	8.660.753,05	8.326.416,32	8.418.273,38	7.174.312,31	7.431.299,10	8.833.264,80	10.625.937,50	8.939.560,55	7.527.858,93	2.722.578,72	939.052.410,94
.. Acre	-	-	-	-	-	-	-	-	-	-	-	-	-	-	-	-	-	-	-	-	-	-	-	-	-	-	-	-	-	-	-	-	-	-	-	-	-	-	-	-	-	-	-	-	-	-	-	-	-	-	-	-	-	-	-	-	-	-	-	-	-	-	-	-	-	-	-	-	-	-	-	-	-	-	-	-	-	-	-	-	-	-	-	-	-	-	-	-	-	-	-	-	-	-	-	-	-	-	-	-	-	-	-	-	-	-	-	-	-	-	-	-	-	-	184,65	-	-	-	-	1.099,17	-	10.470,07	14.001,71	86.200,85	301.323,68	769.612,36	1.731.744,62	1.743.978,66	2.057.439,02	2.057.829,69	2.226.577,93	2.112.576,82	2.029.128,01	1.886.871,84	2.084.884,80	2.230.838,45	2.122.013,12	2.196.651,69	2.152.239,30	2.086.775,61	2.476.364,26	2.396.887,63	2.610.261,80	2.174.098,10	2.051.885,16	1.714.707,91	1.341.532,34	2.288.458,90	2.462.712,79	2.254.900,20	2.381.535,93	2.079.981,05	2.564.837,77	2.588.318,06	2.538.525,67	2.319.786,41	2.279.156,60	2.454.599,37	2.578.923,75	2.625.443,29	2.512.995,15	2.500.589,76	2.749.521,65	2.473.515,82	2.801.446,23	2.672.803,31	3.135.521,30	2.719.044,65	2.814.550,89	2.923.529,36	2.804.546,95	2.773.202,98	2.711.168,25	2.765.187,44	2.804.275,11	2.460.383,33	3.062.146,31	2.780.466,09	2.811.471,16	2.813.012,39	2.946.976,72	2.801.590,13	3.089.898,24	3.049.071,15	2.858.028,89	2.642.140,91	2.774.802,96	2.650.391,04	2.813.059,49	2.906.257,88	2.893.275,56	2.687.861,43	2.940.387,36	2.895.941,14	2.824.796,19	3.034.232,68	2.682.370,65	2.680.655,00	2.880.570,12	2.611.479,72	3.026.117,70	3.116.433,45	3.166.557,72	3.138.759,74	3.011.898,65	3.111.431,36	2.630.560,39	3.079.894,04	3.191.663,93	2.862.824,95	3.136.522,53	2.901.829,70	3.043.474,78	3.139.472,52	3.096.430,52	3.334.482,41	2.953.212,26	3.162.075,03	3.109.856,27	3.177.087,64	3.097.868,79	3.059.992,59	3.168.190,91	3.037.922,80	3.271.599,56	3.207.893,15	3.402.393,70	3.380.644,97	3.566.107,55	3.523.208,57	3.173.932,43	2.911.080,18	3.082.652,71	3.173.509,52	3.009.727,19	3.134.471,01	3.586.781,30	2.811.365,43	3.161.446,53	3.355.223,35	3.562.691,54	3.375.296,64	3.341.497,58	3.358.378,05	3.145.385,44	2.638.773,92	2.968.168,75	2.769.797,39	3.057.631,96	2.874.965,31	3.175.575,17	3.060.903,21	3.253.011,61	3.040.645,05	2.926.179,27	3.126.120,64	2.473.454,85	2.277.493,49	2.594.347,32	2.234.388,36	2.473.008,49	2.979.764,77	3.070.533,95	3.249.052,69	3.567.538,64	2.981.072,98	2.998.860,31	3.293.378,97	3.174.249,43	2.959.569,09	3.274.600,36	2.985.439,26	2.921.021,35	2.560.191,29	2.699.663,11	2.734.200,04	2.539.104,34	1.247.105,57	-	424.308.182,45
.. Amazonas	-	-	-	-	-	-	-	-	-	-	-	-	-	-	-	-	-	-	-	-	-	-	-	-	-	-	-	-	-	-	-	-	-	-	-	-	-	-	-	-	-	-	-	-	-	-	-	-	-	-	-	-	-	-	-	-	-	-	-	-	-	-	-	-	-	-	-	-	-	-	-	-	-	-	-	-	-	-	-	-	-	-	-	-	-	-	-	-	-	-	-	-	-	-	-	-	-	-	-	-	-	-	-	-	-	-	-	-	-	-	-	-	-	-	1.134,83	951,89	-	531,94	-	-	212,75	35.752,72	45.570,64	416.012,30	2.020.381,79	5.949.408,99	11.419.210,08	7.934.652,10	8.641.517,13	8.531.576,49	9.079.902,15	8.646.295,77	8.755.806,50	8.331.763,97	8.148.089,92	7.681.661,02	7.761.445,21	7.764.782,66	8.607.222,74	8.385.962,92	9.207.129,28	8.160.517,20	8.562.322,43	9.484.998,71	9.465.068,52	9.267.006,58	9.092.823,55	9.218.407,34	8.674.068,02	8.365.788,46	9.386.945,03	8.373.048,81	10.321.150,01	9.990.164,13	9.767.161,23	9.151.838,50	9.140.196,88	9.437.224,41	9.742.680,49	9.996.686,44	9.532.878,27	9.335.803,05	9.800.511,52	9.461.664,54	10.954.545,77	10.529.645,04	10.105.494,01	9.966.359,03	9.972.847,16	9.965.893,92	9.861.030,02	10.206.641,46	10.735.915,35	8.702.766,18	10.037.664,68	8.977.728,10	11.048.686,39	10.472.290,40	11.490.377,42	10.677.441,18	11.010.010,57	10.766.405,24	9.569.712,90	9.989.822,59	9.957.925,62	8.918.794,96	10.855.590,98	9.429.474,72	10.170.130,90	10.539.428,15	11.110.036,76	10.467.110,16	10.400.642,04	10.851.212,49	10.420.922,29	10.599.000,25	10.244.521,60	9.306.819,97	9.474.986,90	8.225.118,03	9.923.980,10	10.308.887,72	10.398.106,16	10.613.208,66	10.530.622,36	10.789.449,65	11.373.085,93	11.780.494,51	11.275.532,44	10.959.544,50	12.149.857,06	11.363.981,90	13.379.237,72	13.159.168,82	12.962.255,41	13.423.538,07	13.253.844,31	13.457.422,49	12.622.284,09	13.088.040,45	11.495.628,09	11.596.671,58	11.543.911,29	11.990.242,08	13.508.906,38	13.067.645,44	13.633.627,87	13.143.225,36	12.692.419,45	12.517.962,68	11.634.453,40	12.121.775,20	10.806.653,19	11.933.902,28	12.214.148,15	11.689.140,72	13.474.719,80	13.717.831,75	13.909.566,03	13.718.828,46	14.396.210,86	13.745.304,22	13.979.792,94	13.895.515,90	13.518.116,80	13.635.186,02	14.549.450,86	12.753.555,36	14.749.409,47	14.577.930,81	15.381.061,96	14.653.650,77	15.544.595,79	16.374.961,41	15.343.340,93	16.249.963,61	14.255.408,82	14.274.053,94	15.358.914,00	14.100.074,56	16.103.971,89	16.154.491,82	16.529.976,06	15.509.984,83	16.642.220,71	16.493.719,52	15.351.061,02	16.335.346,61	14.781.332,42	14.923.380,22	15.939.561,23	15.138.339,91	14.773.739,41	16.350.034,91	19.556.456,87	18.119.546,91	16.685.996,90	13.144.213,91	4.826.042,29	1.789.028.641,16
.. Roraima	-	-	-	-	-	-	-	-	-	-	-	-	-	-	-	-	-	-	-	-	-	-	-	-	-	-	-	-	-	-	-	-	-	-	-	-	-	-	-	-	-	-	-	-	-	-	-	-	-	-	-	-	-	-	-	-	-	-	-	-	-	-	-	-	-	-	-	-	-	-	-	-	-	-	-	-	-	-	-	-	-	-	-	-	-	-	-	-	-	-	-	-	-	-	-	-	-	-	-	-	-	-	-	-	-	-	-	-	-	-	-	-	-	-	-	-	-	-	-	413,69	-	4.785,91	11.858,63	43.852,67	369.328,51	470.676,43	808.448,39	771.687,83	876.091,18	896.952,53	1.027.288,73	938.293,54	1.004.340,44	1.045.291,11	1.003.740,89	1.055.063,43	1.223.200,73	1.236.529,18	1.186.281,36	1.106.225,18	1.422.690,18	1.377.859,19	1.363.883,01	1.346.660,89	1.371.019,37	1.529.696,18	1.573.418,68	1.517.391,92	1.597.811,24	1.536.941,82	1.617.781,76	1.452.295,35	1.817.004,16	1.715.762,10	1.933.733,03	1.849.065,95	1.877.204,62	2.046.063,98	1.939.488,67	1.757.675,71	1.528.245,34	1.485.166,60	1.604.886,45	1.220.176,72	1.276.120,86	1.379.942,19	1.679.122,67	1.770.324,67	1.646.157,39	1.656.379,50	1.802.450,34	1.856.131,44	1.655.521,98	1.620.351,06	1.605.536,38	1.625.159,47	1.768.605,61	1.589.072,69	1.982.657,11	1.782.557,43	1.743.562,81	1.822.724,18	1.637.458,04	1.374.247,23	1.613.270,45	1.586.569,21	1.712.994,69	1.483.195,30	1.783.411,48	1.713.083,73	1.724.464,55	1.965.346,91	1.835.094,30	1.816.091,81	1.741.449,49	1.779.522,80	1.698.450,51	1.739.855,56	1.649.617,13	1.444.697,49	1.828.395,54	1.743.474,24	1.939.379,14	1.778.530,78	1.839.321,94	1.818.003,17	1.890.924,98	1.792.376,75	1.929.194,87	1.927.452,43	1.952.679,49	1.650.143,01	1.806.730,29	1.967.249,27	2.002.239,47	2.200.465,33	2.230.544,02	2.285.467,53	2.215.191,54	2.005.870,76	1.937.208,01	2.000.028,10	2.306.946,41	2.000.924,90	2.333.218,37	2.069.716,58	2.105.130,54	2.390.060,15	2.324.710,08	2.476.903,43	2.212.516,50	2.349.084,57	2.184.836,80	2.380.057,58	2.370.359,62	2.256.529,94	2.602.191,08	2.392.160,30	2.761.536,23	2.699.213,85	2.682.746,28	2.891.100,20	2.737.677,78	2.693.726,29	2.671.451,53	2.688.315,70	2.740.952,07	2.478.349,44	2.674.958,94	2.721.261,19	2.844.811,66	2.967.161,35	2.841.587,97	3.328.230,63	2.878.691,04	2.964.324,32	2.524.712,40	2.462.451,64	2.662.240,18	2.499.996,16	2.846.135,56	2.789.823,29	2.839.389,53	2.647.540,20	2.865.777,71	3.181.321,82	3.070.436,96	3.162.342,44	3.121.104,71	2.889.969,87	3.084.561,08	2.967.159,04	2.813.954,05	2.306.119,95	2.920.066,15	3.282.097,62	3.065.643,81	2.660.740,09	1.389.557,11	307.938.927,09
.. Pará	-	-	-	-	-	-	-	-	-	-	-	-	-	-	-	-	-	-	-	-	-	-	-	-	-	-	-	-	-	-	-	-	-	-	-	-	-	-	-	-	-	-	-	-	-	-	-	-	-	-	-	-	-	-	-	-	-	-	-	-	-	-	-	-	-	-	-	-	-	-	-	-	-	-	-	-	-	-	-	-	-	-	-	-	-	-	-	-	-	-	-	-	-	-	-	-	-	-	-	-	-	-	-	1.260,10	-	-	-	-	-	-	-	-	-	-	4.994,86	2.182,97	-	-	210,20	399,57	9.487,90	181.159,29	433.414,74	1.893.197,50	5.105.406,44	13.162.823,43	21.762.104,16	20.126.081,01	22.149.375,82	23.436.682,75	23.861.080,80	23.502.915,90	22.544.291,26	23.259.148,28	23.667.690,01	23.352.577,75	23.537.613,41	23.836.162,40	25.397.157,43	23.045.700,70	28.225.957,76	27.478.025,61	26.610.951,91	26.424.970,11	26.331.756,26	27.892.582,69	27.231.854,35	27.599.957,69	26.784.181,74	25.511.285,54	26.421.157,74	25.483.553,06	28.537.493,86	26.949.923,37	28.436.425,05	26.947.713,85	26.125.357,73	27.761.867,94	27.280.175,15	26.522.062,12	26.687.663,81	26.322.040,53	27.999.789,20	26.170.892,65	29.193.123,80	27.294.759,31	27.759.327,87	26.458.847,52	25.646.178,94	27.348.214,64	27.122.078,56	27.151.997,82	27.076.766,56	25.935.603,25	26.931.701,79	25.389.310,74	28.704.612,93	26.847.966,60	28.536.479,38	24.989.145,96	23.915.410,75	25.339.308,28	26.463.528,52	27.078.939,15	25.649.589,97	24.231.259,58	27.488.235,67	24.858.606,41	28.385.955,37	29.935.288,76	30.031.113,55	28.287.779,49	27.834.188,35	28.495.723,69	28.476.294,93	29.356.437,61	28.086.219,41	27.125.004,59	29.767.266,18	27.835.380,47	29.163.415,18	29.555.562,23	29.906.534,73	28.163.413,40	29.162.727,48	29.042.208,36	29.657.868,87	28.900.904,08	29.550.827,16	27.962.491,97	28.691.072,01	26.549.566,21	31.911.102,11	29.750.854,64	31.054.967,78	29.235.281,56	29.501.440,59	28.931.804,95	29.476.810,94	29.458.486,92	28.477.062,76	27.489.497,15	28.500.205,13	27.179.920,78	31.117.998,99	30.192.626,29	31.099.655,36	30.920.858,90	29.971.249,77	32.160.799,99	32.271.083,66	30.090.090,28	30.190.160,10	29.399.653,85	31.598.256,46	28.219.353,40	34.021.215,17	30.540.036,73	33.921.112,99	31.808.597,47	32.133.134,42	33.770.556,65	32.979.925,38	33.665.042,35	33.475.545,29	32.067.934,67	33.615.836,09	30.623.491,62	34.121.931,00	35.039.954,20	35.424.611,06	34.160.283,18	34.484.949,49	35.618.364,04	34.380.916,90	38.441.090,50	33.583.538,08	32.789.354,87	34.513.534,80	31.885.919,67	33.236.155,79	31.008.924,95	31.064.106,50	28.543.179,30	36.713.929,36	36.462.011,47	36.792.954,02	36.982.395,95	35.555.518,00	35.222.625,80	37.010.456,36	34.635.702,52	34.751.053,13	28.760.003,95	41.622.275,30	37.045.997,06	31.298.080,17	20.025.186,45	4.435.453,39	4.455.777.104,93
.. Amapá	-	-	-	-	-	-	-	-	-	-	-	-	-	-	-	-	-	-	-	-	-	-	-	-	-	-	-	-	-	-	-	-	-	-	-	-	-	-	-	-	-	-	-	-	-	-	-	-	-	-	-	-	-	-	-	-	-	-	-	-	-	-	-	-	-	-	-	-	-	-	-	-	-	-	-	-	-	-	-	-	-	-	-	-	-	-	-	-	-	-	-	-	-	-	-	-	-	-	-	-	-	-	-	-	-	-	-	-	-	-	-	-	-	-	-	-	-	-	1.647,39	7.754,72	12.695,61	33.672,74	104.822,98	118.378,28	226.661,18	844.019,90	1.329.876,61	1.275.063,72	1.177.745,93	1.396.371,51	1.411.520,77	1.420.892,01	1.367.235,47	1.550.340,63	1.550.166,99	1.635.676,50	1.647.903,31	1.649.380,76	1.702.307,43	1.617.603,91	1.863.376,50	1.899.215,36	1.929.012,06	1.776.155,94	1.765.731,76	2.038.762,73	1.820.033,62	1.806.092,38	1.669.318,82	1.551.083,36	1.713.037,45	1.448.489,25	1.850.181,41	1.860.225,48	1.739.371,09	1.826.492,45	1.827.433,46	1.933.782,60	1.721.224,14	1.679.410,24	1.672.233,87	1.514.787,77	1.865.892,98	1.684.178,33	1.916.700,22	1.961.976,04	1.868.835,95	1.644.399,84	1.754.611,59	1.896.266,48	1.805.783,30	1.890.071,25	1.824.489,66	1.596.201,03	1.876.466,36	1.790.176,91	1.914.026,23	1.873.009,95	2.141.271,36	1.858.153,83	2.008.511,81	2.091.388,06	1.955.058,92	2.067.357,50	1.875.480,25	1.698.096,96	1.984.150,33	1.816.966,55	2.054.213,74	2.212.994,19	2.127.151,29	2.030.072,90	2.018.989,22	2.030.265,74	1.998.378,04	2.302.382,78	1.914.523,39	1.861.538,38	2.175.830,82	1.835.760,60	2.030.063,08	2.170.445,98	1.925.149,16	1.839.113,66	1.940.056,21	1.920.353,35	1.966.897,86	2.002.560,03	1.546.358,63	1.444.087,11	1.643.867,04	1.596.872,07	1.941.475,46	1.879.849,54	1.883.885,30	2.027.129,41	2.011.512,10	2.011.212,92	2.099.809,71	1.852.746,03	1.785.754,70	1.582.904,81	1.643.327,69	1.634.178,49	1.875.981,80	1.927.461,31	1.921.705,65	2.075.852,44	1.874.227,86	1.804.640,32	1.758.596,38	1.766.504,15	1.603.000,31	1.747.780,08	1.818.874,15	1.558.585,21	2.040.910,24	1.813.477,93	2.125.677,11	2.128.578,23	1.873.120,82	1.990.850,21	1.920.807,56	1.915.176,64	1.782.927,17	1.610.779,22	1.888.216,67	1.756.846,00	1.869.746,50	2.009.211,40	2.092.229,29	2.047.927,00	2.260.210,72	2.408.659,24	2.369.223,52	2.588.154,29	2.298.458,18	2.356.798,88	2.441.325,03	2.564.176,12	2.604.263,92	2.573.615,74	2.127.851,77	2.632.890,52	2.445.874,82	2.173.060,89	2.541.342,33	2.540.183,86	2.239.443,36	2.141.400,83	2.350.356,80	2.342.499,95	2.286.241,46	1.774.558,12	2.761.503,37	2.733.877,90	2.491.925,24	2.082.542,20	734.467,43	294.053.021,35
.. Tocantins	-	-	-	-	-	-	-	-	-	-	-	-	-	-	-	-	-	-	-	-	-	-	-	-	-	-	-	-	-	-	-	-	-	-	-	-	-	1.283,84	-	-	-	-	-	-	-	-	-	-	-	-	-	-	-	-	-	-	-	-	-	-	-	-	-	-	-	-	-	-	-	-	-	-	-	-	-	-	-	-	-	-	-	-	-	-	-	-	-	-	-	-	-	-	-	-	-	-	-	-	-	-	-	-	-	-	-	-	-	-	-	-	-	-	-	1.122,46	-	578,69	-	-	-	34.446,08	586,69	4.113,76	76.633,06	343.702,61	1.068.685,94	3.022.200,87	5.136.474,61	5.051.932,07	5.200.151,87	5.343.714,73	5.344.487,99	5.398.413,09	5.061.461,61	5.213.290,38	5.201.400,94	6.013.071,44	5.205.114,37	5.614.918,90	6.022.437,54	5.984.209,71	6.640.964,62	6.461.045,18	6.622.397,84	6.302.602,71	6.330.494,80	6.657.016,75	6.279.823,80	6.637.175,55	6.452.478,10	6.290.881,84	6.255.630,25	5.772.248,05	7.121.727,92	6.815.944,93	7.052.458,27	6.354.241,96	6.872.599,57	7.006.975,71	6.681.951,92	6.805.280,69	6.574.975,36	6.386.157,99	6.941.869,25	6.599.081,65	7.413.705,96	7.052.696,30	7.347.972,12	7.195.700,99	6.692.342,10	7.354.563,65	7.001.655,77	7.163.042,27	7.387.432,12	6.918.937,72	6.911.629,24	6.861.305,70	7.962.642,54	7.569.569,03	7.873.544,50	7.029.694,26	7.309.756,30	7.533.961,40	7.065.536,00	7.253.945,20	7.059.428,07	7.126.175,36	7.149.726,90	6.867.397,84	7.930.788,14	7.843.197,37	7.985.534,08	7.339.724,75	6.973.385,81	7.282.719,70	7.583.823,22	7.602.010,31	7.166.668,22	6.801.991,20	7.145.654,90	6.692.304,82	7.216.016,89	7.593.666,16	7.938.065,44	7.453.874,63	7.666.792,36	7.671.320,07	7.647.894,51	8.198.652,90	6.957.903,45	7.091.428,86	6.509.554,73	6.150.808,12	6.987.992,01	7.089.569,37	6.797.438,68	7.054.458,82	6.576.820,03	6.777.026,62	6.354.334,80	6.409.616,56	5.793.834,87	5.471.576,16	5.984.657,32	6.135.319,66	6.578.319,07	6.829.072,67	6.692.200,88	6.685.793,03	6.349.955,78	6.364.449,44	5.802.559,93	6.095.598,53	6.143.712,10	6.300.553,48	6.198.970,34	5.949.471,90	7.390.529,49	6.196.834,14	6.542.051,61	6.590.321,02	6.148.782,34	6.485.259,20	5.585.288,00	5.603.258,02	4.713.046,68	5.506.366,07	5.632.745,75	4.710.764,24	5.120.953,06	5.347.244,49	5.955.968,29	5.484.401,52	5.445.767,44	5.514.866,91	5.486.178,29	6.041.880,73	6.217.142,03	6.269.869,67	6.462.574,69	5.785.900,15	6.588.080,47	7.235.519,78	6.957.234,52	7.127.258,56	7.117.047,32	7.140.062,79	7.119.991,29	7.587.986,90	7.594.175,34	7.573.064,95	7.225.320,39	7.341.171,88	7.025.821,12	6.204.453,42	6.740.153,74	5.056.092,32	4.523.155,20	2.869.918,04	520.392,68	1.001.014.796,53
Região Nordeste	-	-	-	-	-	-	-	-	-	-	24.509,71	-	10.536,67	-	-	-	-	-	-	-	-	-	-	-	-	-	26.050,45	-	-	-	-	10.536,67	-	-	-	-	11.115,27	1.309,80	-	-	276,65	1.197,17	1.283,84	-	1.857,85	1.313,48	1.401,46	3.118,68	1.695,56	-	-	137,08	-	-	-	-	-	-	-	-	1.573,73	12.295,07	-	-	-	-	-	-	3.210,20	-	-	-	-	-	-	-	-	-	-	-	-	-	-	-	1.199,87	-	-	-	-	-	2.359,16	1.773,58	2.990,15	1.006,34	1.283,84	-	124,23	-	-	-	-	-	2.445,01	-	326,35	3.768,70	1.586,93	-	2.580,91	-	3.677,89	-	-	21.520,65	34.077,67	24.458,38	-	3.634,43	9.609,45	43.986,31	231.297,82	1.863.465,81	4.373.676,55	11.981.822,18	27.667.726,92	68.937.797,91	240.329.911,30	143.170.221,70	163.988.368,46	169.546.980,47	169.282.663,85	161.307.575,30	182.631.707,98	166.813.086,44	168.149.195,92	170.330.608,76	165.396.711,32	163.085.801,66	202.602.946,58	163.451.462,14	204.609.388,78	195.040.630,77	199.391.698,85	191.469.883,45	198.725.363,21	202.722.430,11	198.395.157,03	200.684.037,33	192.584.246,77	184.367.168,39	239.413.432,38	177.953.656,96	217.389.417,25	204.725.691,40	222.691.507,16	194.423.247,10	201.845.931,69	212.368.422,20	204.038.687,98	204.918.971,25	200.577.037,43	195.550.489,60	210.068.454,14	202.903.087,15	220.223.610,83	212.625.057,32	222.126.971,81	209.510.921,72	214.357.213,55	231.027.386,48	212.564.875,26	217.960.411,03	211.163.391,60	202.171.576,76	217.270.216,66	200.522.601,09	229.471.296,98	219.018.108,05	237.297.993,87	217.492.059,12	229.414.789,55	233.488.271,93	214.976.591,71	224.404.144,72	213.271.422,32	205.119.611,72	233.477.310,38	208.831.928,61	238.004.004,87	250.626.413,95	256.218.867,44	239.953.454,27	254.003.567,57	255.382.129,72	254.908.061,84	259.953.118,37	240.949.883,88	231.821.598,18	260.276.913,56	239.904.804,49	253.979.670,34	257.446.291,85	270.273.121,41	249.886.868,29	269.064.181,78	266.359.341,03	269.687.847,90	269.746.256,46	253.441.291,01	242.563.587,94	251.289.237,30	231.835.860,17	282.084.341,73	267.950.371,85	277.187.751,68	265.143.488,40	277.366.424,67	276.812.542,78	267.000.770,39	271.677.076,41	260.786.189,83	244.452.714,58	260.129.292,92	250.818.007,44	283.011.042,07	271.195.012,25	286.776.570,13	277.031.108,90	277.829.434,30	287.704.123,93	268.608.179,10	270.466.554,82	259.455.633,82	251.196.387,43	272.901.493,58	248.743.790,30	295.755.611,10	274.266.667,28	304.205.023,49	284.481.384,73	292.575.784,73	304.422.777,42	282.242.059,16	295.944.951,67	280.124.690,36	269.788.990,38	293.733.240,58	259.248.098,29	296.441.185,54	303.032.312,13	312.692.996,72	292.615.055,82	305.217.110,82	315.757.428,57	290.161.937,70	315.452.414,10	291.777.072,75	278.670.472,79	303.729.690,35	284.800.201,94	299.416.117,73	308.358.180,38	332.253.827,91	300.873.706,69	324.759.905,58	321.130.313,91	317.446.938,04	325.383.105,00	304.312.228,13	291.094.205,65	313.368.036,26	286.554.570,67	285.142.353,84	250.822.782,23	302.238.282,12	314.344.356,13	304.044.454,32	230.272.540,09	108.046.016,46	37.710.968.416,20
.. Maranhão	-	-	-	-	-	-	-	-	-	-	-	-	-	-	-	-	-	-	-	-	-	-	-	-	-	-	-	-	-	-	-	-	-	-	-	-	-	-	-	-	276,65	-	-	-	1.228,74	1.313,48	-	-	-	-	-	-	-	-	-	-	-	-	-	-	-	-	-	-	-	-	-	-	-	-	-	-	-	-	-	-	-	-	-	-	-	-	-	-	-	-	-	-	-	-	-	931,65	-	-	-	-	-	-	-	-	-	-	-	-	-	-	-	-	-	-	-	-	-	-	2.767,08	2.871,13	-	295,36	7.090,58	-	42.360,79	385.330,18	1.018.352,93	2.277.717,78	4.334.468,23	8.832.514,85	21.551.600,33	13.452.263,93	14.750.895,33	15.148.647,11	14.543.679,92	14.553.978,06	14.536.700,20	14.609.872,57	15.317.881,85	15.617.699,59	15.643.973,86	14.644.528,47	16.509.174,38	15.323.800,01	19.000.528,61	17.947.811,13	18.274.483,44	18.108.112,36	18.026.071,20	18.566.524,68	18.710.607,19	19.044.993,31	18.373.019,22	17.558.736,88	19.282.093,56	17.569.101,52	21.316.090,03	19.804.547,24	20.646.225,47	19.887.224,90	20.272.804,23	20.504.334,40	20.002.266,78	19.676.260,18	19.181.018,80	18.372.770,76	20.558.875,99	19.977.629,75	21.051.962,55	20.427.859,83	20.394.245,38	19.651.953,64	19.996.700,68	21.580.703,66	20.245.794,42	20.333.768,64	20.641.565,65	20.042.052,18	21.667.842,68	19.843.187,40	22.311.315,33	21.936.710,14	23.865.479,84	21.477.051,21	22.217.034,78	22.983.350,39	21.299.563,46	20.978.124,04	19.399.117,40	18.634.163,75	25.201.803,85	21.445.241,15	23.985.012,99	24.523.122,20	24.949.082,24	23.923.607,23	24.260.327,35	24.690.945,46	24.827.957,99	25.948.032,38	24.020.335,21	23.174.815,80	25.507.397,81	23.797.985,16	26.335.073,33	26.008.999,98	26.222.404,44	24.688.685,01	26.226.955,69	26.179.528,67	26.066.680,11	26.207.062,17	24.976.037,03	22.979.116,71	24.758.812,49	23.003.880,10	28.110.645,21	27.547.788,24	27.852.641,56	25.355.645,36	27.145.080,93	27.057.062,67	26.097.049,34	26.479.823,13	24.295.018,99	23.481.603,93	25.307.600,36	24.751.918,44	27.033.644,24	26.499.253,01	27.615.317,97	26.541.084,89	25.985.325,26	27.764.172,56	26.260.940,01	25.344.534,61	23.762.034,78	21.545.188,48	25.917.830,11	24.698.363,70	28.674.240,47	26.096.854,70	29.028.093,45	27.316.626,83	28.480.502,02	29.343.866,49	27.272.561,12	28.743.285,70	28.083.157,75	27.083.233,19	29.408.695,04	26.336.019,39	29.896.623,11	30.897.068,02	30.281.504,24	28.453.973,46	30.806.965,30	30.838.532,57	29.976.987,17	30.997.114,81	28.237.905,90	27.802.462,95	30.160.826,23	27.614.666,06	30.322.908,98	30.475.196,99	32.603.116,94	29.834.366,40	31.274.825,91	31.374.191,37	31.602.507,56	30.157.826,04	30.853.636,94	29.639.890,77	31.306.889,09	28.517.938,71	28.916.523,71	24.117.208,37	33.892.798,97	34.025.043,47	29.289.794,87	22.363.767,94	9.649.901,77	3.663.162.464,82
.. Piauí	-	-	-	-	-	-	-	-	-	-	-	-	-	-	-	-	-	-	-	-	-	-	-	-	-	-	-	-	-	-	-	-	-	-	-	-	-	-	-	-	-	-	-	-	-	-	-	-	-	-	-	-	-	-	-	-	-	-	-	-	-	-	-	-	-	-	-	-	1.199,87	-	-	-	-	-	-	-	-	-	-	-	-	-	-	-	-	-	-	-	-	-	-	-	-	-	-	-	-	-	-	-	-	-	-	-	-	-	-	-	-	-	-	-	-	-	-	162,01	-	-	428,77	-	12.172,72	220.788,25	353.468,67	1.078.182,68	2.406.035,32	4.929.772,93	11.375.419,37	9.711.680,20	10.428.191,09	10.227.943,00	10.562.148,66	10.465.088,93	10.618.079,70	10.645.917,52	11.037.940,55	11.143.375,71	10.583.049,66	10.151.738,46	12.411.956,66	10.896.197,27	13.754.374,44	12.570.578,13	12.936.419,98	12.205.840,71	12.883.412,78	12.877.691,95	12.488.107,81	12.541.516,67	12.421.929,89	11.098.207,01	12.554.360,19	11.398.067,83	13.606.085,88	12.157.142,10	13.077.016,55	12.062.273,73	11.786.099,56	12.297.891,70	11.996.938,27	12.360.441,34	11.686.383,33	11.412.747,89	14.566.034,64	12.265.757,09	13.187.651,73	12.678.417,26	12.675.205,11	12.160.076,86	11.919.067,30	12.159.124,51	12.562.834,87	12.203.495,51	12.160.989,36	11.608.735,33	12.834.140,49	11.611.101,59	12.743.982,18	12.211.230,16	13.641.916,12	12.513.374,69	13.241.101,64	13.237.685,63	12.920.892,43	13.014.911,78	12.099.537,09	11.893.570,28	13.407.770,12	12.230.378,04	13.957.685,19	15.159.216,27	14.651.845,08	14.822.072,98	14.374.218,21	14.091.252,29	13.859.943,48	14.082.278,80	13.194.957,82	12.195.808,15	14.073.144,03	13.340.653,42	14.008.839,63	13.964.766,06	14.459.727,73	13.753.793,88	14.608.648,02	14.709.034,67	14.439.476,37	14.293.771,07	13.865.890,04	13.202.327,56	13.597.811,08	12.615.331,21	14.868.279,77	14.765.333,90	14.666.785,68	14.439.927,16	14.457.752,47	14.921.024,48	14.935.364,43	14.778.012,73	14.278.653,98	13.980.063,87	14.654.151,59	14.211.959,72	15.777.018,38	15.724.013,35	16.420.434,62	16.255.227,09	15.885.221,21	16.317.458,71	15.699.225,71	15.292.962,10	14.904.386,72	14.303.401,01	15.650.158,50	14.624.455,56	16.818.930,13	15.761.679,42	16.980.955,79	15.515.674,20	15.403.020,27	15.722.090,34	15.307.387,92	15.656.346,10	15.605.461,66	15.042.889,08	15.979.472,64	13.636.784,59	16.164.249,27	16.313.578,41	17.271.714,71	16.132.887,17	16.216.685,50	16.550.617,02	15.762.154,38	16.787.226,12	15.744.012,68	15.593.143,31	16.887.259,64	15.540.881,54	16.878.130,00	16.779.468,57	17.989.614,32	17.153.197,30	17.507.999,27	17.818.876,10	17.916.788,90	19.157.980,30	17.651.564,70	16.846.903,02	17.313.368,84	16.304.632,11	15.454.120,98	12.181.184,17	15.228.630,62	17.184.166,87	21.260.370,70	14.524.841,97	7.246.755,78	2.151.110.909,74
.. Ceará	-	-	-	-	-	-	-	-	-	-	-	-	-	-	-	-	-	-	-	-	-	-	-	-	-	-	-	-	-	-	-	-	-	-	-	-	-	1.309,80	-	-	-	-	-	-	-	-	1.401,46	-	-	-	-	-	-	-	-	-	-	-	-	-	-	-	-	-	-	-	-	-	726,49	-	-	-	-	-	-	-	-	-	-	-	-	-	-	-	-	-	-	-	-	-	-	841,93	-	-	-	-	-	-	-	-	-	-	-	-	-	-	-	-	-	-	-	-	-	-	149,65	3.186,33	-	-	-	-	3.698,69	357.904,65	572.356,18	1.865.065,71	5.131.814,39	10.798.042,86	32.444.328,54	27.643.304,86	30.085.370,22	31.376.221,00	31.189.904,62	29.463.965,11	30.302.691,99	29.304.821,51	30.435.026,82	31.741.382,87	30.415.959,60	30.263.904,48	32.123.065,16	28.875.478,53	36.018.826,32	35.445.605,90	34.894.016,82	33.399.345,34	34.459.796,32	34.129.887,37	33.410.351,78	33.743.129,25	32.285.582,67	31.981.440,73	34.001.962,62	30.730.683,21	36.109.330,17	34.139.573,93	36.838.614,26	33.486.379,49	34.320.454,26	35.533.813,82	34.034.162,50	34.092.124,70	32.807.749,83	33.208.844,50	34.637.771,87	34.649.389,56	37.658.012,21	35.683.387,30	37.260.046,55	35.867.328,04	35.178.216,83	37.364.680,23	35.239.070,35	36.947.961,07	34.802.724,85	33.077.649,92	36.096.857,16	32.142.627,23	36.331.662,36	37.735.485,88	38.662.410,92	35.663.161,49	35.934.796,17	37.311.486,40	34.850.162,08	36.964.075,37	34.416.532,18	32.662.038,10	38.349.081,02	35.710.935,71	37.814.006,70	41.827.390,37	43.072.821,35	38.194.053,44	41.101.106,03	42.525.459,89	42.492.881,20	42.082.341,42	39.804.364,00	38.788.968,55	43.406.080,99	40.370.559,34	42.995.110,12	43.491.392,46	45.375.942,02	43.578.891,04	44.455.375,37	43.554.682,26	43.024.685,91	43.552.544,65	41.205.055,49	41.327.153,54	40.993.737,50	39.541.875,33	45.207.226,27	44.159.232,24	43.104.628,26	44.518.659,07	45.132.349,62	46.763.315,18	44.132.910,00	45.894.923,72	43.000.231,27	41.558.755,83	43.547.264,94	41.106.872,30	45.692.292,37	44.061.138,42	47.702.073,43	47.592.767,97	46.220.278,85	47.949.470,12	45.273.409,51	43.502.917,37	43.769.366,37	42.224.905,99	44.446.965,72	41.017.070,43	48.433.708,73	44.438.681,32	47.759.433,66	47.753.431,20	47.802.303,49	48.455.531,04	45.911.450,82	49.168.014,00	44.740.294,64	44.443.607,41	48.586.284,74	42.120.360,66	48.637.258,49	50.805.625,71	51.998.581,31	47.406.805,41	47.916.557,96	51.376.446,25	46.560.335,78	52.218.011,40	47.717.852,54	45.185.570,19	51.302.833,45	47.453.355,29	50.654.425,80	52.324.183,56	55.372.951,42	49.988.651,91	54.340.019,60	51.672.585,01	51.738.770,57	53.943.358,61	50.213.511,70	48.448.975,24	53.140.736,83	49.220.378,38	46.531.046,32	44.200.563,95	57.119.354,60	50.647.702,30	43.106.510,51	30.012.777,41	13.982.989,53	6.251.678.483,05
.. Rio Grande do Norte	-	-	-	-	-	-	-	-	-	-	24.509,71	-	-	-	-	-	-	-	-	-	-	-	-	-	-	-	26.050,45	-	-	-	-	-	-	-	-	-	-	-	-	-	-	-	-	-	-	-	-	-	-	-	-	-	-	-	-	-	-	-	-	-	-	-	-	-	-	-	-	-	-	-	-	-	-	-	-	-	-	-	-	-	-	-	-	-	-	-	-	-	-	-	-	-	-	-	-	-	-	-	-	-	-	-	-	-	-	-	-	-	-	-	-	-	-	-	-	474,94	-	1.283,84	-	1.755,76	2.147,54	134.605,36	272.088,08	684.678,30	1.695.824,89	4.730.811,68	11.763.899,23	9.110.108,87	10.126.626,54	10.964.234,85	11.032.871,23	10.450.599,08	11.119.053,52	10.812.840,19	11.258.681,53	10.572.190,95	10.164.720,86	10.753.451,61	10.215.453,49	10.721.328,37	12.298.227,11	11.640.067,28	12.397.524,20	12.629.319,37	13.174.277,04	12.744.328,16	13.440.066,99	13.526.034,42	13.153.398,69	12.493.128,23	12.729.297,56	11.551.990,57	15.162.136,63	13.649.319,45	14.242.023,19	12.551.831,85	13.470.311,65	14.156.977,75	13.940.868,00	13.272.057,48	13.473.107,56	12.788.929,15	12.518.070,36	13.775.683,96	14.973.268,95	13.984.615,76	15.310.885,79	14.674.974,35	14.911.686,35	15.091.857,51	14.663.466,45	14.558.218,98	14.198.700,51	12.533.586,82	13.949.180,34	13.731.504,70	15.962.249,68	14.075.813,67	15.274.938,97	14.420.719,57	16.234.309,86	15.610.018,60	12.229.527,01	14.799.892,01	14.132.316,71	12.878.494,94	14.757.798,33	13.559.506,12	15.838.411,28	17.440.024,33	16.749.166,81	15.541.512,94	16.883.489,54	16.138.547,88	16.141.234,37	16.161.575,67	14.419.514,60	14.117.580,31	14.495.972,22	15.446.589,32	15.633.163,65	16.870.824,64	18.069.279,41	16.234.491,93	17.895.994,39	16.240.425,94	16.325.617,03	17.078.314,28	16.553.639,98	15.860.056,93	15.834.842,78	14.775.174,90	18.639.547,97	17.463.935,46	18.443.397,34	17.784.444,68	19.203.746,35	18.476.631,97	18.225.975,90	18.262.817,06	16.917.374,24	16.624.516,48	17.064.397,41	16.627.822,82	18.525.680,92	18.412.694,49	19.983.420,20	18.196.569,43	17.597.919,71	16.553.293,83	13.672.287,29	19.082.523,58	16.785.522,38	17.241.589,89	17.959.290,06	16.128.447,96	19.366.269,16	18.226.793,45	20.227.425,64	18.861.445,44	18.766.514,59	20.028.976,78	18.531.262,60	18.122.577,13	18.169.461,87	18.118.258,43	19.045.469,42	18.254.034,58	20.972.187,31	20.717.428,90	21.991.859,64	20.909.808,17	21.544.864,14	22.619.330,74	19.926.336,21	22.290.820,67	20.445.273,59	19.382.682,35	21.149.359,25	20.770.925,83	21.775.213,78	22.206.576,63	23.819.430,58	21.613.567,61	22.137.087,77	23.073.307,72	23.438.983,02	23.085.765,53	20.350.167,95	20.135.895,21	22.201.116,15	20.512.979,08	20.938.148,35	17.458.921,43	20.295.524,94	21.867.079,23	24.547.422,65	18.701.241,35	7.817.689,98	2.502.971.576,90
.. Paraíba	-	-	-	-	-	-	-	-	-	-	-	-	-	-	-	-	-	-	-	-	-	-	-	-	-	-	-	-	-	-	-	-	-	-	-	-	-	-	-	-	-	-	-	-	-	-	-	1.540,74	154,82	-	-	-	-	-	-	-	-	-	-	-	1.573,73	-	-	-	-	-	-	-	-	-	-	-	-	-	-	-	-	-	-	-	-	-	-	-	1.199,87	-	-	-	-	-	-	-	1.161,17	-	-	-	-	-	-	-	-	-	2.445,01	-	-	3.768,70	1.586,93	-	1.309,80	-	-	-	-	-	3.461,90	-	-	-	2.090,10	-	2.926,77	97.352,78	368.130,43	1.002.088,64	2.149.873,40	5.448.177,36	16.599.004,84	10.871.589,62	12.348.758,14	12.680.965,13	13.258.411,71	12.246.686,33	13.090.842,60	12.673.774,35	12.790.639,17	12.727.661,14	12.458.082,28	12.454.203,96	13.467.088,10	12.521.484,65	16.454.493,51	15.589.844,09	16.507.080,17	14.978.207,45	16.332.259,23	16.037.490,47	15.829.092,73	17.073.372,25	15.718.381,26	14.643.961,70	15.253.557,69	14.018.702,86	16.622.075,93	16.205.607,99	17.030.393,64	15.164.612,87	16.557.349,62	16.381.386,97	15.595.163,02	15.694.123,40	15.584.657,56	14.675.341,73	14.904.674,54	15.590.841,64	16.414.896,76	15.021.955,87	15.643.875,48	14.732.756,29	14.671.783,10	15.637.264,11	15.357.483,01	14.985.747,96	14.989.777,07	14.068.499,89	14.501.136,33	13.785.885,74	15.448.692,92	14.872.014,30	16.622.176,07	14.902.687,51	16.058.493,40	16.219.030,77	15.374.794,25	15.167.361,07	15.129.019,84	14.007.534,73	15.554.180,01	14.712.501,85	16.418.244,41	17.311.199,77	17.479.563,89	15.895.477,08	17.264.598,47	16.789.359,35	16.477.933,30	16.560.385,14	15.699.585,32	15.199.279,48	16.369.238,36	15.383.648,93	16.333.987,44	16.796.025,57	17.357.243,08	16.142.066,65	17.118.592,15	16.517.254,00	16.787.470,59	16.734.999,73	16.036.226,51	14.780.287,80	15.398.908,01	13.525.690,18	16.951.131,59	16.461.415,63	16.914.062,06	15.818.047,96	17.081.327,83	17.065.636,08	16.731.591,70	16.508.433,64	15.909.632,89	14.394.254,06	15.121.711,53	14.570.163,45	16.693.664,87	16.535.102,66	17.692.117,48	15.780.382,27	16.024.548,41	16.828.350,47	16.106.168,52	15.429.911,33	15.071.576,09	14.408.708,77	15.311.153,84	14.348.726,45	18.647.794,67	16.710.328,48	18.774.680,27	17.436.389,33	17.995.202,52	19.351.701,53	18.646.289,97	18.245.810,01	17.985.557,31	16.388.322,31	17.867.994,89	16.830.284,57	18.659.840,18	18.830.153,60	19.536.787,89	18.668.772,93	19.046.877,99	19.889.056,91	18.241.046,36	18.933.043,43	18.351.401,88	17.456.085,23	18.423.397,03	18.238.305,93	19.045.623,43	19.986.699,88	20.599.108,73	18.616.883,33	20.452.430,01	19.854.699,54	19.250.956,70	20.229.256,66	18.793.177,73	17.351.912,03	18.486.405,28	17.315.256,67	17.618.459,00	15.532.371,53	19.378.813,13	21.632.911,59	19.461.583,63	13.778.397,60	7.573.640,75	2.489.849.052,05
.. Pernambuco	-	-	-	-	-	-	-	-	-	-	-	-	10.536,67	-	-	-	-	-	-	-	-	-	-	-	-	-	-	-	-	-	-	10.536,67	-	-	-	-	9.878,20	-	-	-	-	-	-	-	629,11	-	-	-	1.540,74	-	-	-	-	-	-	-	-	-	-	-	-	12.295,07	-	-	-	-	-	-	1.283,84	-	-	-	-	-	-	-	-	-	-	-	-	-	-	-	-	-	-	-	-	-	-	-	-	-	1.283,84	-	-	-	-	-	-	-	-	-	-	-	-	-	-	-	3.677,89	-	-	21.520,65	11.711,22	8.154,22	-	1.865,88	-	41.398,52	137.994,96	400.640,85	1.088.340,42	2.973.553,48	6.699.828,82	16.919.031,39	51.225.077,76	26.222.079,10	30.716.361,81	30.589.332,79	31.411.044,27	28.947.510,92	30.985.515,77	31.705.296,79	30.703.879,20	31.165.074,59	30.889.234,12	29.759.443,94	58.860.678,33	30.040.652,29	37.060.148,86	34.835.203,66	36.112.436,70	34.552.284,59	35.306.279,11	37.159.616,41	35.870.149,70	36.738.307,53	34.220.138,11	32.946.658,40	79.517.781,68	32.174.258,18	39.706.054,71	37.930.431,89	44.781.502,88	36.269.244,62	35.930.634,79	40.115.997,38	38.197.831,72	39.412.144,29	37.843.169,54	38.125.534,15	41.176.053,61	38.035.490,64	42.147.954,09	41.304.225,19	43.514.730,75	40.563.191,68	43.391.782,15	45.719.786,53	40.912.831,26	42.857.388,20	42.489.194,09	40.128.856,85	42.620.134,26	39.879.763,09	45.788.004,65	43.584.966,63	47.977.373,68	43.138.836,28	46.771.999,46	49.237.763,12	44.628.398,27	47.319.593,15	44.686.685,41	43.153.098,13	50.674.143,09	43.691.252,74	50.721.145,77	52.199.668,84	55.804.451,21	52.180.948,50	54.418.891,31	57.414.861,05	57.179.434,48	57.834.043,27	54.208.889,93	52.431.062,39	56.400.980,38	53.767.659,08	56.933.475,63	56.492.714,44	60.739.518,81	56.866.816,85	60.944.735,85	61.868.649,19	63.477.384,97	61.101.285,28	57.319.089,25	55.911.394,94	58.472.165,84	54.027.325,56	63.945.784,64	61.041.726,15	65.442.335,41	60.373.049,71	62.151.011,64	60.777.322,72	57.258.128,24	59.955.610,88	56.503.708,05	54.449.001,10	57.713.884,27	55.583.876,71	62.032.178,13	59.119.814,14	61.883.289,81	61.422.837,21	60.625.835,10	65.008.761,49	59.728.564,48	60.486.385,58	59.509.064,40	59.414.876,75	61.730.692,13	56.319.079,70	66.847.752,21	63.614.062,64	70.061.938,08	65.931.228,02	66.686.332,96	71.408.887,70	63.928.087,60	69.145.636,10	63.161.387,39	61.493.033,36	66.784.271,34	59.286.551,50	66.010.094,38	67.848.816,10	71.209.733,04	66.926.561,13	67.763.582,78	71.992.572,97	63.777.300,61	69.168.226,50	64.612.786,62	62.068.147,67	67.615.269,40	62.461.656,17	64.953.034,67	66.103.159,27	72.901.496,78	66.610.157,13	71.315.969,04	71.735.983,26	70.927.695,89	71.452.778,05	68.416.723,66	64.859.209,92	69.635.128,87	62.557.120,29	59.645.768,63	54.300.181,77	66.010.417,84	70.379.703,75	70.457.138,11	62.371.122,47	30.250.257,55	8.117.656.564,50
.. Alagoas	-	-	-	-	-	-	-	-	-	-	-	-	-	-	-	-	-	-	-	-	-	-	-	-	-	-	-	-	-	-	-	-	-	-	-	-	1.237,07	-	-	-	-	1.197,17	-	-	-	-	-	1.577,94	-	-	-	-	-	-	-	-	-	-	-	-	-	-	-	-	-	-	-	-	-	-	-	-	-	-	-	-	-	-	-	-	-	-	-	-	-	-	-	-	-	-	-	-	-	-	-	-	-	-	-	-	-	-	-	-	-	-	-	-	-	-	-	-	-	-	-	-	-	-	-	-	9.919,07	104.243,75	174.024,90	595.544,54	1.125.396,73	2.564.966,65	16.503.978,22	8.112.220,30	9.210.505,56	10.466.691,94	9.844.096,03	10.288.668,11	9.385.440,40	9.262.767,68	9.228.201,96	9.464.597,85	9.578.540,01	9.361.247,91	10.121.881,47	8.994.586,40	12.040.996,68	11.651.218,51	11.471.079,17	10.955.769,81	11.345.518,14	11.715.157,35	11.732.050,72	12.050.093,88	11.895.951,83	11.016.104,25	11.200.586,26	10.243.568,76	13.197.956,95	12.543.380,70	13.186.678,00	11.564.476,61	11.698.448,97	12.689.693,74	12.333.599,13	12.248.867,23	12.103.492,69	10.972.429,23	11.056.588,96	11.826.444,96	13.178.546,52	12.260.249,74	13.929.545,92	13.077.770,57	12.384.682,24	13.505.516,97	12.250.970,37	12.510.919,09	11.794.795,34	11.053.272,20	12.151.182,51	11.536.047,61	13.019.839,94	11.788.484,17	13.059.475,04	12.106.325,02	12.853.130,25	12.691.505,60	12.142.641,64	12.860.470,41	12.235.107,81	11.677.594,30	12.748.616,09	11.538.711,50	13.929.831,86	14.402.311,14	14.843.128,30	14.700.061,89	15.446.777,61	14.224.278,78	14.662.410,51	15.036.685,57	13.674.581,11	12.076.711,03	19.902.345,84	12.326.390,97	13.645.520,42	13.396.380,95	14.397.326,03	13.678.771,74	14.843.506,14	14.481.399,00	15.446.004,19	15.365.196,67	14.445.440,07	13.376.886,78	13.274.867,57	12.199.758,61	16.548.372,34	14.871.659,34	15.273.214,63	14.996.967,34	15.291.175,70	14.579.558,63	14.206.904,05	14.856.147,85	14.297.047,54	13.726.685,97	13.651.455,21	13.006.011,79	15.636.976,37	14.666.913,83	15.728.442,55	15.088.153,62	15.729.568,42	16.325.627,20	14.222.780,25	14.796.600,93	13.923.196,77	13.025.633,74	14.996.124,94	13.333.879,77	16.232.587,23	15.260.073,74	16.734.816,88	15.508.169,95	16.475.134,53	16.993.183,55	16.039.891,10	16.428.152,87	16.460.530,89	15.069.229,61	16.407.623,75	14.108.283,71	17.291.774,71	18.077.005,49	18.191.826,64	16.601.616,44	18.017.803,20	18.221.249,82	16.273.547,19	18.387.186,62	16.188.983,58	14.723.252,84	18.038.947,80	16.435.415,69	16.383.367,36	16.967.319,09	18.401.780,88	16.665.270,65	18.015.223,56	17.668.105,59	17.493.927,42	18.379.618,48	16.434.633,89	15.985.752,41	17.294.778,35	15.246.260,86	16.048.449,51	14.502.835,52	15.918.118,93	15.503.412,78	14.665.489,99	11.100.068,40	5.905.721,18	2.118.799.179,28
.. Sergipe	-	-	-	-	-	-	-	-	-	-	-	-	-	-	-	-	-	-	-	-	-	-	-	-	-	-	-	-	-	-	-	-	-	-	-	-	-	-	-	-	-	-	1.283,84	-	-	-	-	-	-	-	-	-	-	-	-	-	-	-	-	-	-	-	-	-	-	-	-	-	-	-	-	-	-	-	-	-	-	-	-	-	-	-	-	-	-	-	-	-	-	-	1.199,87	-	1.199,87	1.006,34	-	-	-	-	-	-	-	-	-	-	-	-	-	-	-	-	-	-	-	-	1.122,46	177,20	-	189,35	-	-	3.419,97	27.453,63	78.565,19	122.952,94	775.705,52	2.765.495,63	5.439.985,99	4.636.850,76	5.017.838,07	5.265.951,03	5.367.094,94	4.981.036,36	4.928.822,87	4.543.252,50	4.525.676,82	4.566.052,38	4.716.241,96	4.272.627,88	5.037.054,40	4.983.217,59	6.504.862,57	5.772.732,46	6.111.674,22	5.789.895,43	6.122.676,14	6.105.674,90	6.019.912,61	5.852.499,57	5.722.988,22	5.201.100,49	6.261.031,57	5.754.032,25	7.057.311,82	6.758.264,65	7.452.360,44	5.958.403,64	6.660.243,30	7.061.516,92	6.924.628,71	6.663.604,22	6.691.150,75	6.414.642,30	6.968.224,01	6.118.138,09	6.691.472,70	6.940.307,06	7.303.909,16	6.571.158,61	6.758.626,62	7.010.745,78	6.236.863,39	6.642.982,53	6.490.917,25	6.774.334,41	7.212.872,09	6.689.285,50	7.241.289,82	6.759.208,52	7.672.774,96	7.033.729,91	6.670.113,21	6.981.434,92	6.716.706,00	7.302.294,37	6.495.979,81	6.351.967,46	7.207.953,06	6.313.899,86	7.354.369,34	7.574.311,16	7.218.462,89	7.087.563,73	6.987.961,76	7.242.863,23	7.102.433,26	7.518.507,56	6.724.924,91	6.559.904,26	7.468.888,42	6.637.162,80	7.020.003,05	7.177.930,28	7.457.106,46	6.733.743,20	6.671.295,58	6.989.490,00	8.112.680,40	7.590.057,90	7.590.459,19	6.596.047,21	7.843.092,34	7.196.944,68	8.405.314,98	8.521.463,90	8.862.222,82	7.653.250,31	8.606.222,14	8.804.258,42	8.925.787,57	8.627.422,05	8.374.171,44	6.775.642,70	7.557.370,33	8.189.897,18	9.250.036,66	8.759.100,78	8.945.155,80	9.094.975,37	9.022.040,57	7.484.338,20	9.187.980,01	8.389.736,81	7.510.959,82	7.362.904,21	8.276.586,07	7.851.142,77	8.566.628,40	8.505.926,22	9.086.764,55	8.668.664,29	9.021.660,60	8.965.880,62	8.464.509,21	8.679.325,84	7.578.998,17	7.350.893,95	9.313.556,40	7.817.772,09	9.831.536,21	8.649.405,83	9.127.323,57	9.141.588,81	9.026.038,83	9.572.164,12	9.027.721,47	10.076.926,79	8.939.051,71	8.885.595,93	10.048.830,69	9.465.338,97	9.455.876,39	10.229.651,99	11.156.849,60	9.818.775,39	10.143.555,40	10.075.280,52	9.635.446,57	9.971.355,92	9.279.849,30	9.231.635,61	9.608.865,07	9.166.677,70	9.202.260,01	8.639.687,45	9.133.936,59	9.300.495,09	6.632.504,75	3.578.789,33	1.778.076,42	1.140.825.728,53
.. Bahia	-	-	-	-	-	-	-	-	-	-	-	-	-	-	-	-	-	-	-	-	-	-	-	-	-	-	-	-	-	-	-	-	-	-	-	-	-	-	-	-	-	-	-	-	-	-	-	-	-	-	-	137,08	-	-	-	-	-	-	-	-	-	-	-	-	-	-	-	-	-	-	-	-	-	-	-	-	-	-	-	-	-	-	-	-	-	-	-	-	-	-	1.159,29	-	629,11	-	-	-	124,23	-	-	-	-	-	-	-	326,35	-	-	-	1.271,11	-	-	-	-	-	14.865,36	9.432,55	-	-	-	832,03	16.657,31	135.146,36	448.349,75	1.382.038,11	3.348.779,62	11.948.984,56	73.426.617,02	33.410.124,06	41.303.821,70	42.826.993,62	42.073.412,47	39.910.042,40	57.664.560,93	43.254.543,33	42.851.268,02	43.332.573,68	40.946.908,97	41.424.654,95	43.856.594,59	41.094.717,03	51.476.930,68	49.587.569,61	50.686.984,15	48.851.108,39	51.075.073,25	53.386.058,82	50.894.817,50	50.114.090,45	48.792.856,88	47.427.830,70	48.612.761,25	44.513.251,78	54.612.375,13	51.537.423,45	55.436.692,73	47.478.799,39	51.149.585,31	53.626.809,52	51.013.229,85	51.499.348,41	51.206.307,37	49.579.249,89	53.682.160,16	50.663.711,46	54.919.845,32	54.324.039,31	56.094.527,67	52.211.711,68	55.144.668,28	62.957.707,18	55.095.561,14	56.919.929,05	53.594.727,48	52.884.589,16	56.236.870,80	51.303.198,23	60.624.260,10	56.054.194,58	60.521.448,27	56.236.173,44	59.433.810,78	59.215.996,50	54.813.906,57	55.997.422,52	54.677.126,07	53.861.150,03	55.575.964,81	49.629.501,64	57.985.297,33	60.189.169,87	61.450.345,67	57.608.156,48	63.266.197,29	62.264.561,79	62.163.833,25	64.729.268,56	59.202.730,98	57.277.468,21	62.652.865,51	58.834.155,47	61.074.497,07	63.247.257,47	66.194.573,43	58.209.607,99	66.299.078,59	65.818.877,30	66.007.848,33	67.823.024,71	61.449.453,45	58.530.316,47	61.114.999,69	54.949.879,60	69.408.038,96	63.117.816,99	66.628.463,92	64.203.496,81	68.297.757,99	68.367.732,63	66.487.059,16	66.313.885,35	67.210.351,43	59.462.190,64	65.511.457,28	62.769.485,03	72.369.550,13	67.416.981,57	70.806.318,27	67.059.111,05	70.738.696,77	73.472.651,35	68.456.823,32	68.140.982,51	64.219.526,49	61.669.178,59	68.612.692,21	60.422.623,96	72.167.700,10	65.652.267,31	75.550.915,17	67.489.755,47	71.945.113,75	74.152.659,37	68.140.618,82	71.755.803,92	68.339.840,68	64.799.523,04	70.339.872,36	60.858.007,20	68.977.621,88	70.893.230,07	73.083.665,68	68.373.042,30	74.877.735,12	74.697.458,17	70.616.508,53	76.593.857,76	71.539.804,25	67.573.532,32	70.102.966,86	66.819.656,46	69.947.537,32	73.285.924,40	79.409.478,66	70.572.836,97	79.572.795,02	77.857.284,80	75.441.861,41	79.005.165,41	72.318.962,26	68.594.031,44	74.380.747,78	67.713.326,87	70.787.577,33	59.889.828,04	65.260.686,50	73.803.841,05	74.623.639,11	53.841.533,62	23.840.983,50	9.274.914.457,33
Região Sudeste	40.243,16	11.449,99	34.583,77	68.556,52	39.809,34	19.904,67	19.904,67	34.532,40	23.374,12	19.904,67	-	19.442,14	-	34.523,06	14.672,77	34.569,76	37.331,15	19.904,67	38.882,55	75.358,43	16.133,26	2.750,47	859.884,95	1.675.816,64	1.398.817,11	18.977,88	-	167.713,68	149.751,54	54.437,07	54.469,76	19.904,67	80.286,48	20.502,61	167.831,88	93.218,69	32.265,19	26.287,63	3.675,90	19.430,54	42.259,30	23.550,05	80.641,82	40.323,89	35.816,24	4.168,88	24.955,91	1.540,74	208.913,93	377.597,29	18.515,35	3.681,06	90.231,99	19.904,67	5.914,46	21.166,79	45.220,94	97.349,49	11.116,57	37.218,28	22.015,74	-	18.977,88	18.977,88	57.860,43	63.103,85	19.942,62	19.904,67	36.037,93	-	54.578,73	39.729,48	22.221,92	19.904,67	2.188,91	91.152,01	777,31	86.074,23	63.994,76	92.392,83	199.189,40	17.040,13	19.904,67	54.089,02	54.084,36	80.232,63	57.860,43	75.911,52	19.904,67	59.719,85	125.930,23	18.977,88	2.319,12	8.733,40	11.906,03	241.658,52	26.221,20	12.288,96	80.635,37	65.546,15	9.589,44	102.887,27	460.384,18	123.411,30	44.719,31	38.882,55	23.326,74	137.795,96	61.142,61	1.161,17	26.525,34	-	-	8.695,45	39.461,87	67.005,91	51.721,79	26.381,22	63.466,65	145.939,35	545.973,13	3.163.621,72	8.501.821,51	28.742.187,01	66.309.452,92	139.449.387,76	1.498.549.433,67	297.311.539,33	304.767.318,93	307.084.002,44	307.419.859,46	311.032.655,20	318.288.447,80	315.162.021,06	318.046.863,87	337.723.252,00	329.322.318,56	321.559.595,30	365.674.568,24	314.839.936,17	384.446.001,20	369.997.385,45	376.512.836,19	379.981.652,78	382.780.899,50	381.048.315,29	375.720.547,98	376.168.539,86	368.022.022,90	342.786.408,76	379.294.347,32	344.416.139,25	418.062.468,77	415.311.988,94	409.209.214,65	390.240.789,86	397.234.301,19	430.831.485,91	398.195.068,75	408.659.561,69	394.161.618,91	376.515.302,53	426.875.549,07	401.676.188,05	425.502.529,88	408.134.874,98	443.065.248,92	419.709.356,47	422.319.381,31	439.929.555,13	413.061.053,96	414.138.628,29	398.169.254,80	380.275.099,11	440.401.919,24	390.615.823,11	446.129.360,91	414.592.118,32	456.848.663,69	424.173.745,04	442.620.598,37	454.038.509,12	425.278.918,36	478.172.263,10	407.599.204,83	392.146.381,23	494.411.311,99	399.464.547,31	458.480.609,66	477.462.339,37	475.172.564,89	461.802.491,00	476.498.654,08	478.543.022,70	470.117.688,21	500.302.871,25	445.633.459,27	426.664.947,01	490.081.333,42	454.301.315,31	481.333.679,12	476.140.042,86	508.468.799,92	482.306.678,49	508.636.929,23	504.787.264,02	509.834.614,20	507.460.554,29	474.002.486,26	456.011.850,66	483.706.590,61	441.959.688,71	528.356.104,53	491.301.521,94	517.031.954,03	506.982.279,82	512.399.446,40	512.160.878,85	492.214.267,86	497.498.810,79	475.285.193,72	456.154.955,44	481.261.532,05	459.498.198,82	520.626.123,48	490.038.383,59	512.513.312,82	508.288.111,69	519.012.173,08	517.185.630,74	489.293.262,73	493.371.332,98	470.584.402,11	467.011.679,40	503.070.411,50	460.432.321,78	536.608.842,46	489.633.282,29	546.598.334,48	513.787.601,76	530.272.775,56	558.054.841,30	503.669.758,49	535.449.331,85	503.998.889,56	489.428.901,36	523.864.713,22	472.458.818,64	536.442.002,71	537.418.870,88	551.797.205,67	529.574.571,62	545.771.355,95	560.198.567,22	520.735.402,47	564.216.595,30	524.944.777,45	507.113.132,54	549.084.286,07	508.968.688,91	539.451.832,31	553.248.869,19	583.740.519,52	539.788.985,01	590.048.053,47	576.937.761,74	559.797.834,34	581.613.715,32	535.473.773,56	525.371.871,09	568.055.992,86	512.319.460,44	525.301.892,26	473.218.954,38	567.137.228,86	581.320.443,56	593.220.692,95	473.566.318,33	231.171.018,55	71.544.634.447,48
.. Minas Gerais	-	-	-	-	-	-	-	-	-	-	-	-	-	-	-	-	-	-	-	-	-	-	-	-	-	-	-	-	-	-	-	-	-	-	-	-	3.590,36	4.629,85	-	261,08	-	-	-	-	-	-	2.399,23	-	-	-	-	-	-	-	-	-	-	-	-	-	-	-	-	-	-	-	-	-	-	-	1.059,11	-	-	-	-	-	-	-	-	-	2.118,30	-	-	-	-	1.540,74	-	-	-	-	10.825,15	-	2.023,37	-	696,70	-	-	-	-	2.188,91	-	-	333.068,42	-	-	-	-	5.420,85	-	-	6.620,67	-	-	-	6.313,69	1.117,91	-	2.206,89	38.672,41	16.555,13	90.760,11	971.394,37	2.861.781,50	10.018.011,35	21.730.281,63	43.429.517,54	205.960.115,73	70.301.089,50	79.119.005,51	79.046.322,41	79.268.070,12	79.610.143,57	82.201.495,58	80.374.117,08	82.401.417,90	88.613.476,60	84.486.996,11	88.928.630,30	99.018.155,84	83.675.119,83	100.243.194,06	91.831.325,37	97.289.703,07	95.723.396,53	100.050.008,70	98.970.307,26	98.202.119,08	96.962.394,27	94.767.639,13	92.412.770,73	95.806.556,42	90.764.890,28	107.389.850,03	100.831.038,49	105.486.838,91	99.666.115,96	103.359.051,84	107.844.259,69	104.341.138,19	100.525.403,88	101.943.625,50	99.538.953,60	107.744.423,53	103.142.891,37	111.069.210,44	106.094.329,28	115.487.199,35	110.062.460,88	110.096.959,71	114.967.082,94	109.760.526,20	111.445.298,68	107.455.123,44	107.708.470,16	119.733.608,95	107.153.359,22	122.164.737,28	112.569.278,74	125.668.395,74	115.764.184,61	122.009.395,52	123.933.194,78	114.792.200,87	122.099.210,56	112.211.647,27	110.269.165,40	120.412.542,48	107.896.765,74	126.122.527,14	131.252.895,30	128.908.897,64	126.752.241,65	132.081.619,92	130.222.023,72	128.836.185,35	134.277.236,65	123.888.837,02	124.208.668,26	134.156.154,80	127.951.654,33	135.670.753,91	138.379.386,30	144.303.552,86	134.143.143,46	142.596.691,51	138.777.713,87	139.258.696,32	143.679.851,29	136.080.717,06	131.242.619,64	131.695.638,74	126.040.946,02	150.875.041,27	142.587.621,67	146.104.517,61	142.895.530,96	137.939.925,52	140.776.921,48	137.733.786,02	140.162.221,98	134.375.643,29	129.634.812,52	131.125.584,72	127.366.696,11	144.106.613,93	136.015.892,70	143.180.623,23	140.724.245,97	137.004.259,97	143.747.680,92	136.149.896,25	138.411.837,37	129.528.892,52	132.628.617,72	139.060.258,12	129.331.863,08	150.256.628,74	136.716.370,55	153.417.204,13	144.293.980,31	147.536.038,96	156.057.883,56	142.286.374,95	148.311.726,05	142.323.944,76	138.344.793,08	146.502.889,18	130.707.564,70	151.497.736,23	150.689.721,25	153.590.750,48	150.254.787,73	156.656.631,79	160.436.509,76	145.957.180,24	157.254.401,44	148.172.783,99	145.394.068,28	153.187.522,15	142.673.938,49	151.949.138,27	157.928.513,38	163.604.818,13	154.131.095,82	166.744.256,93	161.724.172,66	157.423.245,54	166.140.926,27	152.131.342,49	152.423.273,55	158.122.491,53	141.361.279,76	147.448.946,26	127.011.841,15	141.194.522,21	151.628.982,17	151.141.574,61	120.096.720,31	58.039.897,93	19.332.975.562,94
.. Espírito Santo	-	-	-	-	-	-	-	-	-	-	-	-	-	-	-	-	-	-	-	-	-	-	-	-	-	-	-	-	-	-	-	-	-	-	-	-	-	-	-	-	-	-	-	-	-	-	-	-	1.121,89	-	-	-	-	-	-	-	-	-	-	-	-	-	-	-	-	-	-	-	-	-	-	-	-	-	-	-	-	-	-	-	-	-	-	-	-	-	-	-	-	-	1.083,47	-	-	-	-	-	-	-	-	-	-	-	-	-	-	-	-	-	-	-	-	-	-	-	1.421,50	361,71	-	554,69	-	-	7.179,52	57.408,11	284.224,80	1.152.115,25	2.296.383,23	5.724.199,54	16.212.109,41	10.032.886,43	12.262.049,08	12.453.466,98	11.789.786,09	11.889.687,35	12.205.584,14	12.384.068,19	12.486.952,61	12.846.257,93	12.885.677,54	12.531.576,01	13.448.667,55	11.902.752,05	14.490.295,47	14.203.837,61	15.160.988,21	14.348.102,03	15.198.601,34	15.633.491,30	14.884.339,35	14.470.016,36	14.561.150,72	13.832.954,49	14.019.840,33	13.041.820,98	16.875.676,05	15.184.135,29	15.913.263,87	15.189.197,44	15.929.495,86	17.000.988,44	16.055.300,15	16.763.684,01	16.487.379,66	15.459.495,21	16.030.031,21	15.811.419,60	17.702.137,74	16.397.384,20	17.707.422,11	17.618.976,32	17.455.886,16	19.188.610,12	16.778.443,83	17.491.493,70	17.527.151,96	16.297.807,56	17.148.053,04	16.786.617,91	18.660.232,19	17.052.617,59	18.723.134,38	18.137.860,29	19.880.778,72	19.375.502,24	19.258.247,92	19.200.340,35	17.956.886,69	18.264.308,06	19.123.320,52	17.941.358,17	19.869.295,44	19.890.295,23	19.979.773,02	19.406.981,92	20.365.841,76	20.876.552,66	19.758.345,74	21.145.926,80	19.684.239,72	18.868.882,32	19.447.016,21	19.411.985,68	20.977.963,39	20.372.658,30	22.330.461,67	21.090.092,17	21.982.169,59	22.804.987,55	21.863.103,85	22.522.368,57	21.389.486,83	20.805.510,82	21.106.263,86	20.051.267,68	24.110.409,95	21.302.634,65	22.841.140,15	22.570.531,17	25.126.290,22	23.284.860,41	22.397.181,09	23.697.420,39	22.834.101,87	22.484.167,74	23.555.315,86	22.336.137,30	26.420.496,56	24.355.707,50	26.580.947,54	24.891.774,42	26.243.154,41	26.136.014,92	23.782.872,02	24.716.633,41	24.409.271,46	25.304.919,68	24.961.550,27	22.510.666,96	27.035.407,52	24.900.816,95	26.707.993,40	25.313.642,38	26.021.925,50	26.797.874,70	25.336.305,29	26.875.836,29	25.257.656,90	24.276.121,39	25.480.248,19	22.686.672,67	25.266.729,61	25.975.106,39	27.444.564,56	24.444.622,13	25.716.796,37	25.498.522,61	24.338.227,14	26.158.845,99	24.671.664,41	24.683.685,86	25.201.039,31	24.710.171,75	26.740.727,97	25.981.058,40	28.690.916,87	25.936.888,97	28.550.512,79	29.298.721,79	27.429.269,40	29.709.557,40	26.236.636,40	25.163.821,76	27.535.004,90	26.550.738,63	26.575.655,45	23.749.556,30	28.656.559,18	28.550.441,63	28.370.477,20	13.456.357,14	2.354.272,54	3.146.270.974,58
.. Rio de Janeiro	-	-	-	-	-	-	-	-	-	-	-	-	-	-	-	-	-	-	-	-	-	-	-	-	-	-	-	-	-	-	-	-	-	-	-	-	2.361,04	2.989,25	2.408,35	-	1.267,55	-	-	1.441,34	-	-	2.188,91	-	-	-	-	-	1.491,04	-	5.914,46	-	-	-	-	-	-	-	-	-	-	-	-	-	-	-	-	-	-	-	-	-	-	-	1.048,52	-	-	-	-	-	1.441,34	-	-	-	-	-	5.735,05	-	-	-	-	-	-	-	-	-	2.802,92	-	3.258,99	779,65	768,91	-	1.225,30	4.157,68	-	1.161,17	-	-	-	-	3.765,33	2.666,90	6.135,21	3.651,93	9.280,01	12.547,23	80.054,83	469.469,34	921.646,57	2.994.664,57	7.250.528,08	13.627.123,27	250.721.727,68	44.124.084,23	42.893.823,28	45.297.453,90	43.951.349,46	44.104.083,53	44.350.011,08	42.490.626,90	43.066.461,47	44.553.314,55	41.351.511,51	43.011.905,34	60.873.382,44	40.659.332,60	52.752.351,65	48.898.584,50	51.169.778,45	57.232.898,52	53.485.657,68	51.224.467,99	48.482.452,59	48.670.978,17	49.689.684,81	44.409.347,84	55.993.709,91	44.823.141,72	54.460.642,24	78.119.587,35	56.010.784,06	51.435.826,33	53.865.129,58	57.867.285,17	53.736.019,37	52.372.314,81	50.223.040,06	50.891.328,43	74.005.618,29	61.115.067,76	55.324.805,40	55.807.862,27	59.073.686,38	55.205.971,21	54.552.415,95	57.980.446,09	53.227.366,00	53.043.020,50	49.796.385,50	47.979.891,48	66.715.298,30	47.271.040,50	59.347.651,45	54.016.710,84	60.753.465,00	55.990.793,22	56.468.747,65	58.528.198,57	53.067.256,03	57.955.600,70	51.645.179,78	47.814.708,05	101.712.223,05	51.159.389,76	57.531.567,75	63.660.685,62	63.751.562,25	61.623.397,76	60.968.322,64	61.541.142,46	59.697.879,08	60.828.800,25	54.057.274,89	53.090.129,43	66.966.051,58	56.528.815,51	60.559.261,33	58.579.423,75	62.130.512,74	63.626.975,54	66.146.169,74	64.974.113,77	65.147.355,72	64.000.933,96	60.343.325,05	62.268.072,87	65.243.017,76	57.622.383,25	67.938.998,43	62.417.131,70	71.109.059,97	69.543.036,21	73.655.707,94	68.649.588,57	66.609.684,70	68.015.819,82	63.503.547,20	60.016.959,37	66.162.535,82	60.037.906,48	68.647.319,42	62.934.856,59	65.531.575,05	64.777.226,50	84.404.088,73	68.354.774,49	63.500.007,17	63.908.167,91	59.496.539,51	61.298.572,76	68.103.809,73	61.270.906,18	70.309.198,83	64.528.240,10	74.347.009,36	69.865.702,22	73.163.677,32	74.571.893,29	68.741.175,72	73.100.090,84	69.280.004,79	67.328.580,69	72.361.395,96	65.027.056,54	74.393.114,03	74.530.823,88	79.282.360,14	75.923.047,83	77.500.969,38	78.806.106,59	72.845.418,99	79.147.254,26	73.960.131,92	70.715.699,57	79.498.640,00	73.855.138,13	74.949.025,31	76.706.189,01	82.484.401,02	78.280.798,01	88.022.997,44	83.364.504,62	81.192.325,21	82.300.610,74	74.650.441,18	74.944.219,44	80.052.641,98	72.785.490,80	74.231.556,08	68.792.139,34	88.499.755,90	84.352.189,73	84.093.089,01	65.567.740,93	33.293.724,56	9.784.668.419,31
.. São Paulo	40.243,16	11.449,99	34.583,77	68.556,52	39.809,34	19.904,67	19.904,67	34.532,40	23.374,12	19.904,67	-	19.442,14	-	34.523,06	14.672,77	34.569,76	37.331,15	19.904,67	38.882,55	75.358,43	16.133,26	2.750,47	859.884,95	1.675.816,64	1.398.817,11	18.977,88	-	167.713,68	149.751,54	54.437,07	54.469,76	19.904,67	80.286,48	20.502,61	167.831,88	93.218,69	26.313,79	18.668,53	1.267,55	19.169,46	40.991,75	23.550,05	80.641,82	38.882,55	35.816,24	4.168,88	20.367,77	1.540,74	207.792,04	377.597,29	18.515,35	3.681,06	88.740,95	19.904,67	-	21.166,79	45.220,94	97.349,49	11.116,57	37.218,28	22.015,74	-	18.977,88	18.977,88	57.860,43	63.103,85	19.942,62	19.904,67	36.037,93	-	53.519,62	39.729,48	22.221,92	19.904,67	2.188,91	91.152,01	777,31	86.074,23	62.946,24	92.392,83	197.071,10	17.040,13	19.904,67	54.089,02	52.643,02	78.691,89	57.860,43	75.911,52	19.904,67	59.719,85	108.286,56	18.977,88	295,75	8.733,40	11.209,33	241.658,52	26.221,20	12.288,96	80.635,37	63.357,24	6.786,52	102.887,27	124.056,77	122.631,65	43.950,40	38.882,55	22.101,44	128.217,43	61.142,61	-	19.904,67	-	-	8.695,45	27.961,35	62.859,39	45.586,58	19.967,71	15.514,23	116.836,99	367.978,67	1.665.349,90	4.434.168,64	14.577.395,84	35.032.259,98	76.668.547,41	1.025.655.480,85	172.853.479,17	170.492.441,06	170.286.759,15	172.410.653,79	175.428.740,75	179.531.357,00	179.913.208,89	180.092.031,89	191.710.202,92	190.598.133,40	177.087.483,65	192.334.362,41	178.602.731,69	216.960.160,02	215.063.637,97	212.892.366,46	212.677.255,70	214.046.631,78	215.220.048,74	214.151.636,96	216.065.151,06	209.003.548,24	192.131.335,70	213.474.240,66	195.786.286,27	239.336.300,45	221.177.227,81	231.798.327,81	223.949.650,13	224.080.623,91	248.118.952,61	224.062.611,04	238.998.158,99	225.507.573,69	210.625.525,29	229.095.476,04	221.606.809,32	241.406.376,30	229.835.299,23	250.796.941,08	236.821.948,06	240.214.119,49	247.793.415,98	233.294.717,93	232.158.815,41	223.390.593,90	208.288.929,91	236.804.958,95	219.404.805,48	245.956.739,99	230.953.511,15	251.703.668,57	234.280.906,92	244.261.676,48	252.201.613,53	238.161.213,54	278.917.111,49	225.785.491,09	215.798.199,72	253.163.225,94	222.467.033,64	254.957.219,33	262.658.463,22	262.532.331,98	254.019.869,67	263.082.869,76	265.903.303,86	261.825.278,04	284.050.907,55	248.003.107,64	230.497.267,00	269.512.110,83	250.408.859,79	264.125.700,49	258.808.574,51	279.704.272,65	263.446.467,32	277.911.898,39	278.230.448,83	283.565.458,31	277.257.400,47	256.188.957,32	241.695.647,33	265.661.670,25	238.245.091,76	285.431.654,88	264.994.133,92	276.977.236,30	271.973.181,48	275.677.522,72	279.449.508,39	265.473.616,05	265.623.348,60	254.571.901,36	244.019.015,81	260.418.095,65	249.757.458,93	281.451.693,57	266.731.926,80	277.220.167,00	277.894.864,80	271.360.669,97	278.947.160,41	265.860.487,29	266.334.694,29	257.149.698,62	247.779.569,24	270.944.793,38	247.318.885,56	289.007.607,37	263.487.854,69	292.126.127,59	274.314.276,85	283.551.133,78	300.627.189,75	267.305.902,53	287.161.678,67	267.137.283,11	259.479.406,20	279.520.179,89	254.037.524,73	285.284.422,84	286.223.219,36	291.479.530,49	278.952.113,93	285.896.958,41	295.457.428,26	277.594.576,10	301.656.093,61	278.140.197,13	266.319.678,83	291.197.084,61	267.729.440,54	285.812.940,76	292.633.108,40	308.960.383,50	281.440.202,21	306.730.286,31	302.550.362,67	293.752.994,19	303.462.620,91	282.455.353,49	272.840.556,34	302.345.854,45	271.621.951,25	277.045.734,47	253.665.417,59	308.786.391,57	316.788.830,03	329.615.552,13	274.445.499,95	137.483.123,52	39.280.719.490,65
Região Sul	-	-	-	-	-	-	-	-	-	-	-	-	-	-	-	-	-	-	-	-	-	-	-	-	-	-	-	-	-	-	-	-	-	-	-	-	-	-	3.093,72	873,76	244,65	-	35,59	-	-	-	2.160,89	-	-	-	-	-	-	-	-	-	-	-	-	-	-	-	-	-	-	-	-	-	-	-	-	-	-	-	-	-	-	-	-	-	-	-	-	-	-	-	-	-	-	-	478,86	1.432,10	-	411,36	1.572,78	955,94	-	-	-	-	-	-	-	-	-	-	-	2.397,04	-	-	-	347,90	299,17	-	1.957,50	1.812,04	74,94	-	5.930,30	53.091,53	351.906,43	2.298.007,60	5.707.585,27	16.764.015,37	35.290.965,97	73.697.533,67	162.180.329,15	119.162.324,20	136.023.967,49	135.894.194,03	135.608.462,24	138.847.721,51	146.243.505,53	141.820.614,49	146.727.875,55	152.232.461,75	147.231.586,48	143.967.725,02	153.986.177,53	139.186.395,19	169.103.522,89	159.323.006,72	167.141.317,73	166.706.873,14	178.433.471,66	172.398.468,99	169.588.806,90	172.335.586,97	166.799.029,30	159.698.693,55	166.484.204,56	155.074.228,21	185.848.578,02	173.947.234,32	180.650.927,31	177.096.068,03	181.662.670,53	187.291.204,73	177.160.979,14	178.562.257,66	180.759.120,64	166.991.452,09	180.471.413,12	169.905.392,98	186.705.667,71	179.581.316,33	196.512.057,19	186.710.319,89	189.672.332,42	197.396.860,07	183.854.072,35	189.164.470,05	182.188.031,69	171.676.310,50	186.242.464,45	176.275.370,05	197.611.659,51	189.724.845,89	207.924.271,76	195.696.924,08	205.492.754,74	209.846.841,85	191.838.001,36	206.830.131,37	189.508.403,97	175.289.361,39	204.461.501,38	181.298.636,00	206.111.155,32	223.378.405,22	219.606.834,10	217.508.509,68	230.384.320,83	227.595.058,31	220.667.194,60	233.119.967,27	214.811.530,40	198.054.396,65	217.357.952,06	204.746.179,41	221.810.518,61	220.285.901,39	232.460.140,26	225.603.669,49	241.421.820,10	236.799.540,22	236.778.998,19	242.284.176,25	224.895.461,97	209.574.270,78	218.875.212,79	200.330.472,75	247.903.656,28	228.910.114,39	241.058.222,92	238.844.300,84	247.447.841,53	244.984.316,87	238.805.331,74	241.782.714,69	240.296.225,97	217.856.466,07	231.968.572,97	222.106.803,23	253.621.683,13	241.245.151,92	255.619.019,07	259.913.123,48	261.366.173,34	263.542.088,72	247.225.035,85	249.129.402,38	236.351.946,10	227.432.046,85	243.532.394,97	222.668.882,12	271.235.264,36	243.321.043,72	275.883.499,44	263.193.742,71	271.369.047,89	276.532.074,15	252.257.103,52	265.821.149,64	254.321.872,14	240.722.224,93	263.162.365,05	234.752.667,27	272.210.371,20	277.819.367,24	278.848.296,30	274.844.744,05	286.562.415,45	291.120.277,56	267.347.057,68	290.868.706,88	273.557.107,82	248.644.377,61	276.078.813,58	260.193.550,19	277.079.333,52	282.998.923,20	297.523.902,06	282.527.038,92	306.425.583,52	290.226.506,57	286.640.804,99	298.558.028,53	279.859.421,92	260.582.288,16	284.349.787,94	261.129.196,28	256.173.911,56	225.225.018,33	254.283.809,12	263.683.539,68	267.181.740,59	206.747.620,39	84.483.887,35	33.362.658.324,82
.. Paraná	-	-	-	-	-	-	-	-	-	-	-	-	-	-	-	-	-	-	-	-	-	-	-	-	-	-	-	-	-	-	-	-	-	-	-	-	-	-	3.093,72	-	-	-	35,59	-	-	-	2.160,89	-	-	-	-	-	-	-	-	-	-	-	-	-	-	-	-	-	-	-	-	-	-	-	-	-	-	-	-	-	-	-	-	-	-	-	-	-	-	-	-	-	-	-	478,86	1.432,10	-	-	524,26	-	-	-	-	-	-	-	-	-	-	-	-	1.197,17	-	-	-	-	299,17	-	840,14	1.303,55	74,94	-	5.930,30	12.273,67	143.586,15	554.800,22	1.431.708,01	4.630.402,44	11.120.030,79	28.790.722,87	58.081.334,45	48.855.046,46	55.611.791,07	56.115.135,82	55.574.831,93	56.094.754,74	59.802.402,07	56.699.001,13	58.091.985,79	61.365.941,22	59.667.208,62	57.816.197,74	60.381.593,99	57.239.101,63	69.070.488,20	64.054.678,26	68.685.542,95	67.931.227,06	70.958.762,64	69.225.783,96	67.849.968,52	68.558.209,28	67.158.496,97	63.094.274,28	66.902.643,63	64.501.133,64	77.138.870,60	70.755.396,99	73.456.756,71	71.839.020,89	73.013.830,77	76.151.006,95	74.240.963,45	73.042.386,70	76.364.750,27	70.517.638,39	74.712.784,07	71.314.740,25	76.914.668,09	74.232.937,37	81.709.021,05	74.994.292,81	77.031.532,32	80.711.112,15	75.628.247,77	77.690.671,56	75.102.797,58	69.165.366,12	74.223.959,49	72.966.208,62	80.913.123,73	78.136.776,81	85.401.506,52	77.801.153,85	83.520.690,95	83.839.961,03	79.187.989,10	84.988.531,01	78.726.146,77	71.086.530,43	81.233.604,17	73.976.801,67	83.934.466,10	91.658.827,98	87.747.363,52	87.786.257,32	91.300.166,50	92.866.583,49	88.693.116,77	92.453.504,76	82.386.029,99	76.977.284,36	85.535.913,11	82.974.333,96	88.169.286,83	86.565.270,47	92.568.324,61	87.767.355,12	94.614.066,92	91.494.121,19	91.343.045,75	94.904.373,35	87.565.870,66	80.303.279,43	83.539.116,38	79.573.523,24	97.763.853,10	89.982.477,35	94.201.517,78	94.110.693,24	97.516.822,03	99.118.332,19	95.940.894,73	98.263.485,47	98.791.984,50	88.996.075,82	93.324.149,08	91.925.876,55	106.199.139,20	100.621.969,13	105.829.987,44	107.370.488,61	106.299.104,14	111.180.454,75	104.105.124,15	105.530.148,67	101.123.001,43	96.708.761,10	103.855.271,30	96.464.284,10	119.141.493,81	106.027.687,78	120.535.312,96	111.725.261,22	118.590.172,07	122.122.835,72	110.663.990,38	117.567.691,91	112.457.522,94	105.558.123,29	116.133.193,49	107.075.982,24	122.331.354,51	124.731.345,17	127.075.160,22	122.616.924,02	127.991.900,80	131.257.163,40	120.647.377,43	129.530.163,96	121.810.669,26	112.984.630,73	124.159.239,68	117.715.473,32	123.907.372,22	127.449.588,05	132.583.484,70	124.860.846,76	134.633.757,88	127.174.381,95	126.188.979,83	133.864.339,31	126.220.893,62	113.559.989,58	122.293.428,36	116.099.817,42	114.647.404,57	97.361.841,26	109.761.940,59	108.787.817,17	100.569.313,40	82.306.171,82	41.002.565,19	13.909.490.189,56
.. Santa Catarina	-	-	-	-	-	-	-	-	-	-	-	-	-	-	-	-	-	-	-	-	-	-	-	-	-	-	-	-	-	-	-	-	-	-	-	-	-	-	-	-	-	-	-	-	-	-	-	-	-	-	-	-	-	-	-	-	-	-	-	-	-	-	-	-	-	-	-	-	-	-	-	-	-	-	-	-	-	-	-	-	-	-	-	-	-	-	-	-	-	-	-	-	-	-	-	955,94	-	-	-	-	-	-	-	-	-	-	-	-	-	-	-	-	-	-	1.117,36	508,49	-	-	-	29.123,45	107.403,78	693.955,05	1.092.964,12	3.562.300,82	7.578.502,38	14.772.555,10	53.034.384,67	24.409.572,92	27.483.480,50	27.806.641,44	28.354.279,52	28.993.292,76	30.049.455,69	28.887.854,62	30.725.718,78	31.274.395,62	29.998.635,78	30.454.606,34	32.082.203,52	29.845.655,79	34.921.069,20	33.677.499,55	34.053.483,16	35.685.005,53	38.337.704,14	37.110.055,24	36.516.827,06	36.207.968,50	35.451.417,03	34.360.136,47	34.093.173,06	33.608.566,26	38.776.130,28	36.705.001,71	38.085.803,13	37.686.277,05	38.574.085,03	40.256.188,61	37.840.220,77	38.963.855,34	38.297.339,52	34.736.715,57	38.839.715,96	37.219.889,13	40.786.024,82	39.123.310,67	42.630.366,40	40.945.034,70	41.805.441,93	43.011.356,98	39.879.850,08	41.062.664,17	39.076.312,01	36.818.905,10	40.494.709,22	39.174.120,19	43.074.967,64	42.577.810,89	45.915.072,24	43.110.346,34	45.055.116,54	47.248.755,27	43.236.537,09	44.686.038,31	41.191.360,30	36.935.634,65	44.881.453,22	40.454.271,52	45.613.749,07	49.013.885,77	49.004.083,28	49.083.840,68	51.627.615,59	50.202.084,87	49.990.155,94	53.214.132,41	49.771.808,92	43.440.545,24	48.166.313,29	46.187.402,07	50.676.178,72	50.133.286,13	52.070.410,11	52.660.305,56	56.215.596,89	55.325.372,17	54.800.407,70	53.963.254,37	50.782.764,46	48.017.383,37	50.084.618,14	45.512.685,67	54.932.727,55	51.985.407,87	54.968.168,80	54.725.916,72	57.327.402,22	55.392.040,22	55.516.669,08	55.685.228,09	55.064.655,49	48.138.682,73	53.209.258,07	50.968.995,55	57.604.606,18	55.325.830,51	58.527.924,79	61.232.618,70	64.078.739,68	58.646.216,56	56.247.585,51	56.509.278,64	53.309.304,91	49.123.807,72	52.421.135,68	50.134.177,82	58.977.072,55	54.104.976,28	60.198.237,85	58.296.066,50	58.363.618,23	60.181.080,42	55.168.339,49	56.655.278,59	56.070.648,72	52.426.527,16	55.203.500,02	50.094.672,65	58.800.691,50	61.161.248,27	60.095.004,10	61.237.932,18	63.709.506,55	63.063.470,93	59.355.411,16	63.967.442,86	61.555.670,89	53.910.866,58	59.452.473,88	57.177.076,43	61.547.622,60	62.761.381,93	65.817.827,82	61.821.227,00	68.759.673,19	64.503.540,72	66.080.257,58	67.767.419,13	62.655.306,55	58.273.990,84	64.550.593,16	59.558.121,37	56.729.074,11	51.231.250,63	57.333.336,87	60.479.195,58	68.788.727,07	47.262.078,35	17.240.581,52	7.393.441.431,34
.. Rio Grande do Sul	-	-	-	-	-	-	-	-	-	-	-	-	-	-	-	-	-	-	-	-	-	-	-	-	-	-	-	-	-	-	-	-	-	-	-	-	-	-	-	873,76	244,65	-	-	-	-	-	-	-	-	-	-	-	-	-	-	-	-	-	-	-	-	-	-	-	-	-	-	-	-	-	-	-	-	-	-	-	-	-	-	-	-	-	-	-	-	-	-	-	-	-	-	-	-	411,36	1.048,52	-	-	-	-	-	-	-	-	-	-	-	-	1.199,87	-	-	-	347,90	-	-	-	-	-	-	-	11.694,41	100.916,50	1.049.252,33	3.182.913,14	8.571.312,11	16.592.432,80	30.134.255,70	51.064.610,03	45.897.704,82	52.928.695,92	51.972.416,77	51.679.350,79	53.759.674,01	56.391.647,77	56.233.758,74	57.910.170,98	59.592.124,91	57.565.742,08	55.696.920,94	61.522.380,02	52.101.637,77	65.111.965,49	61.590.828,91	64.402.291,62	63.090.640,55	69.137.004,88	66.062.629,79	65.222.011,32	67.569.409,19	64.189.115,30	62.244.282,80	65.488.387,87	56.964.528,31	69.933.577,14	66.486.835,62	69.108.367,47	67.570.770,09	70.074.754,73	70.884.009,17	65.079.794,92	66.556.015,62	66.097.030,85	61.737.098,13	66.918.913,09	61.370.763,60	69.004.974,80	66.225.068,29	72.172.669,74	70.770.992,38	70.835.358,17	73.674.390,94	68.345.974,50	70.411.134,32	68.008.922,10	65.692.039,28	71.523.795,74	64.135.041,24	73.623.568,14	69.010.258,19	76.607.693,00	74.785.423,89	76.916.947,25	78.758.125,55	69.413.475,17	77.155.562,05	69.590.896,90	67.267.196,31	78.346.443,99	66.867.562,81	76.562.940,15	82.705.691,47	82.855.387,30	80.638.411,68	87.456.538,74	84.526.389,95	81.983.921,89	87.452.330,10	82.653.691,49	77.636.567,05	83.655.725,66	75.584.443,38	82.965.053,06	83.587.344,79	87.821.405,54	85.176.008,81	90.592.156,29	89.980.046,86	90.635.544,74	93.416.548,53	86.546.826,85	81.253.607,98	85.251.478,27	75.244.263,84	95.207.075,63	86.942.229,17	91.888.536,34	90.007.690,88	92.603.617,28	90.473.944,46	87.347.767,93	87.834.001,13	86.439.585,98	80.721.707,52	85.435.165,82	79.211.931,13	89.817.937,75	85.297.352,28	91.261.106,84	91.310.016,17	90.988.329,52	93.715.417,41	86.872.326,19	87.089.975,07	81.919.639,76	81.599.478,03	87.255.987,99	76.070.420,20	93.116.698,00	83.188.379,66	95.149.948,63	93.172.414,99	94.415.257,59	94.228.158,01	86.424.773,65	91.598.179,14	85.793.700,48	82.737.574,48	91.825.671,54	77.582.012,38	91.078.325,19	91.926.773,80	91.678.131,98	90.989.887,85	94.861.008,10	96.799.643,23	87.344.269,09	97.371.100,06	90.190.767,67	81.748.880,30	92.467.100,02	85.301.000,44	91.624.338,70	92.787.953,22	99.122.589,54	95.844.965,16	103.032.152,45	98.548.583,90	94.371.567,58	96.926.270,09	90.983.221,75	88.748.307,74	97.505.766,42	85.471.257,49	84.797.432,88	76.631.926,44	87.188.531,66	94.416.526,93	97.823.700,12	77.179.370,22	26.240.740,64	12.059.726.703,92
Região Centro-Oeste	-	-	-	-	-	-	-	-	-	-	-	-	-	-	-	-	-	-	-	-	-	-	-	-	-	-	-	-	-	-	-	-	-	-	-	-	-	-	-	-	-	1.199,87	-	-	-	-	-	-	-	-	-	-	-	-	-	-	-	-	-	-	-	-	-	-	-	-	-	-	-	6.270,30	-	-	-	-	-	-	-	-	-	-	-	-	-	-	-	-	-	-	-	1.122,46	-	-	-	1.309,80	1.199,87	-	-	-	-	-	-	-	11.148,83	-	869,70	-	-	-	-	-	347,90	497,01	1.143,13	-	6.544,71	6.674,49	457,97	-	554,69	34.763,09	126.624,38	634.465,91	1.994.139,86	5.361.386,06	10.261.713,14	26.088.084,77	101.309.118,77	44.574.514,79	51.830.387,75	51.359.623,44	50.283.669,63	52.015.469,55	51.268.032,55	51.182.591,51	52.936.827,11	53.081.928,67	52.050.860,32	49.701.015,57	53.779.527,53	51.537.676,56	62.084.658,66	59.721.577,61	61.055.214,57	61.064.171,37	61.368.348,10	65.646.951,59	62.286.860,39	60.858.239,78	60.312.034,55	57.947.400,38	61.512.817,13	56.905.819,66	67.932.816,02	62.094.796,54	69.950.899,38	62.607.799,75	62.701.526,87	67.509.704,18	65.550.014,60	63.011.373,59	62.074.258,52	58.834.251,88	63.773.858,19	61.545.950,39	70.691.161,61	66.191.750,11	68.307.218,50	65.828.639,46	66.091.290,51	70.362.486,12	67.655.401,52	68.432.748,84	65.569.730,49	61.263.185,83	67.246.946,34	64.103.329,73	72.625.133,99	68.640.646,88	71.605.230,81	67.993.111,61	69.580.534,70	72.881.482,80	68.610.567,06	72.163.347,39	65.876.699,76	62.377.059,67	70.218.083,79	66.163.459,04	75.310.066,49	78.799.982,89	76.530.924,60	73.712.097,98	73.500.504,15	77.924.887,01	76.657.925,59	78.772.940,37	73.562.843,86	69.228.875,31	74.932.330,17	70.908.003,48	77.074.915,58	79.132.026,48	82.165.766,60	77.283.189,20	79.018.108,74	79.000.639,50	79.079.891,89	79.587.526,95	76.714.974,41	73.155.410,11	73.440.679,50	70.229.985,02	87.349.542,81	81.012.809,65	82.071.925,03	79.694.611,43	82.386.668,14	81.733.140,96	81.425.211,69	79.885.709,34	76.987.572,34	74.940.123,65	78.507.607,18	77.850.460,65	85.847.055,47	80.453.450,49	84.903.535,23	85.562.398,02	80.903.516,75	86.319.081,25	82.138.928,21	80.703.726,34	76.674.331,90	75.452.669,85	83.504.191,18	74.760.565,47	90.558.756,64	81.656.070,46	87.289.724,42	84.757.385,93	84.903.265,39	89.813.950,76	81.900.475,23	86.147.178,51	80.298.976,20	77.900.637,58	84.416.953,13	78.613.568,27	88.835.749,76	86.262.787,26	89.633.218,00	85.118.042,03	88.026.974,53	89.924.803,37	85.494.453,54	90.192.265,10	85.106.176,09	82.006.490,26	86.416.800,96	82.996.207,10	88.235.732,28	90.988.921,68	95.312.981,31	88.776.246,79	92.588.304,57	95.306.627,35	91.815.779,19	93.878.012,29	89.313.689,95	84.938.617,63	90.882.589,46	84.633.922,28	86.116.233,44	74.719.813,64	87.550.790,10	97.573.716,79	97.416.392,80	76.879.728,89	37.346.238,05	11.399.620.929,87
.. Mato Grosso do Sul	-	-	-	-	-	-	-	-	-	-	-	-	-	-	-	-	-	-	-	-	-	-	-	-	-	-	-	-	-	-	-	-	-	-	-	-	-	-	-	-	-	-	-	-	-	-	-	-	-	-	-	-	-	-	-	-	-	-	-	-	-	-	-	-	-	-	-	-	-	-	-	-	-	-	-	-	-	-	-	-	-	-	-	-	-	-	-	-	-	-	-	-	-	-	-	-	-	-	-	-	-	-	-	-	-	-	-	-	-	-	-	-	-	-	-	-	-	-	-	-	9.722,90	199.556,12	573.675,41	1.069.816,66	1.995.899,52	4.277.979,14	8.301.006,10	8.279.288,79	9.793.888,78	8.997.542,75	9.842.108,59	10.257.782,00	10.167.827,24	9.602.843,49	10.272.466,74	10.814.111,53	10.371.654,90	9.140.959,80	9.771.575,46	9.648.706,17	11.784.290,10	11.240.770,37	11.155.445,90	11.796.784,62	11.956.687,54	12.420.336,71	11.489.768,73	11.698.487,88	11.286.787,17	10.814.729,24	11.570.718,38	10.920.760,16	13.204.085,81	11.711.475,20	12.671.896,78	12.584.046,80	11.808.910,05	12.917.152,45	12.429.678,06	12.526.681,04	12.305.360,94	11.190.032,82	11.894.027,89	11.691.745,82	13.243.933,73	12.611.967,81	13.435.139,24	12.995.272,50	13.187.128,48	12.775.178,56	12.413.572,78	12.264.289,91	12.363.566,12	11.847.750,53	12.708.242,94	12.258.350,15	14.182.591,88	12.695.741,90	14.762.600,11	12.975.434,65	14.392.056,82	14.219.267,16	13.022.123,35	14.005.248,97	13.038.497,92	11.881.218,15	13.730.382,17	12.661.202,29	13.981.801,71	14.908.567,00	13.990.063,33	14.034.238,59	14.489.842,07	14.317.099,43	14.966.682,50	15.077.394,04	14.313.501,17	13.360.775,96	14.476.457,54	13.378.691,64	14.784.850,66	14.236.961,40	16.186.722,00	14.707.272,20	15.417.812,14	15.662.494,10	15.341.501,78	15.480.496,35	14.624.058,44	13.751.928,71	14.710.586,61	13.508.328,95	16.604.367,15	15.157.091,25	15.502.849,68	15.934.364,42	16.527.263,93	15.862.246,77	15.302.118,92	15.402.132,94	14.072.639,15	14.393.171,71	15.403.297,01	15.079.025,79	16.639.323,85	15.795.236,63	17.030.861,02	16.882.187,60	16.414.064,06	16.501.941,24	16.560.277,08	15.450.100,36	15.362.815,06	14.780.996,50	16.560.677,33	14.502.733,75	17.888.222,97	15.646.601,91	18.212.081,17	16.323.017,60	16.892.566,36	17.019.787,73	15.808.304,19	16.071.645,95	15.687.000,65	15.040.368,93	16.146.431,63	14.703.494,87	16.969.878,14	17.062.906,92	17.068.192,56	17.143.032,30	17.435.039,90	18.239.321,45	16.963.131,37	17.677.185,62	16.363.926,26	16.149.109,15	16.902.636,63	16.964.922,58	17.259.392,23	18.147.562,63	19.143.242,28	17.905.638,97	18.126.954,44	19.217.982,14	18.904.364,43	18.812.185,96	18.316.480,80	17.844.511,04	18.653.499,98	17.778.713,83	17.392.434,86	15.733.953,64	17.332.983,12	18.691.107,21	17.922.894,15	10.967.521,28	2.823.251,13	2.190.913.223,15
.. Mato Grosso	-	-	-	-	-	-	-	-	-	-	-	-	-	-	-	-	-	-	-	-	-	-	-	-	-	-	-	-	-	-	-	-	-	-	-	-	-	-	-	-	-	-	-	-	-	-	-	-	-	-	-	-	-	-	-	-	-	-	-	-	-	-	-	-	-	-	-	-	-	-	-	-	-	-	-	-	-	-	-	-	-	-	-	-	-	-	-	-	-	-	-	-	-	-	-	-	-	-	-	-	-	-	-	-	-	-	-	-	-	-	-	-	-	-	3.034,68	233,57	-	-	-	1.891,44	4.573,77	63.562,50	232.444,62	927.219,59	1.740.439,60	5.394.225,43	8.213.438,64	7.929.894,93	9.416.367,68	9.390.588,03	9.378.197,25	9.450.300,60	9.789.875,38	8.987.811,95	8.843.061,60	9.237.298,80	9.459.192,80	9.210.598,63	10.039.582,41	9.326.576,40	11.680.730,78	11.102.643,47	11.495.694,05	11.386.425,93	11.658.855,38	12.339.077,28	11.600.187,11	11.262.247,37	11.734.970,74	11.065.381,68	11.839.990,16	10.826.512,86	13.243.684,10	12.240.702,64	12.781.426,23	11.614.062,90	12.193.931,16	12.213.130,60	11.923.683,94	11.703.375,19	11.484.917,22	11.231.134,25	11.689.015,87	10.872.461,88	12.323.295,29	11.875.884,32	12.160.036,15	11.896.466,92	11.906.914,01	12.516.431,55	11.997.454,95	12.373.709,66	12.035.040,67	11.176.334,25	11.610.941,96	11.145.146,92	13.092.059,07	12.644.904,77	13.741.937,46	12.133.022,98	13.413.397,53	12.803.915,37	12.326.096,33	12.975.315,73	12.099.723,62	11.701.936,75	12.927.077,68	11.344.659,97	13.628.326,37	13.339.717,57	13.550.755,07	13.047.614,48	12.692.112,31	13.552.226,24	12.948.758,03	14.073.754,39	13.302.924,19	12.034.350,69	13.117.006,00	12.804.374,54	14.254.604,83	14.038.170,78	14.599.236,30	13.846.204,38	14.709.530,15	13.939.134,36	13.644.617,90	14.958.564,62	13.680.626,69	12.811.566,48	13.436.951,56	12.774.769,97	15.503.274,19	14.768.137,25	15.456.624,27	14.043.844,09	15.301.276,96	14.906.771,53	14.146.225,75	14.840.947,44	14.826.046,63	14.027.102,89	14.522.409,72	14.414.918,94	16.099.384,26	15.275.703,67	15.958.963,89	15.586.368,03	15.184.179,55	16.209.122,59	15.013.671,23	15.111.332,72	13.414.332,43	13.606.690,44	14.814.707,16	13.946.471,26	16.437.915,60	15.835.149,88	16.543.674,21	16.194.037,75	16.508.402,55	16.749.377,27	15.416.292,84	16.251.545,59	14.659.894,99	14.473.688,30	15.578.896,35	14.592.428,67	17.252.931,32	15.921.801,14	16.732.272,17	16.075.073,71	16.479.008,11	16.011.187,69	15.357.273,96	16.834.151,93	15.474.405,82	14.234.942,30	15.055.383,98	14.478.906,98	15.976.701,25	16.026.760,63	17.304.334,81	16.131.820,19	16.467.803,96	16.532.335,42	15.596.133,69	16.528.141,64	15.113.060,83	13.833.646,65	15.468.263,84	14.439.921,99	14.474.236,31	12.136.378,05	14.342.472,87	17.347.416,46	16.336.430,80	13.027.172,02	6.436.586,25	2.056.879.022,56
.. Goiás	-	-	-	-	-	-	-	-	-	-	-	-	-	-	-	-	-	-	-	-	-	-	-	-	-	-	-	-	-	-	-	-	-	-	-	-	-	-	-	-	-	1.199,87	-	-	-	-	-	-	-	-	-	-	-	-	-	-	-	-	-	-	-	-	-	-	-	-	-	-	-	6.270,30	-	-	-	-	-	-	-	-	-	-	-	-	-	-	-	-	-	-	-	1.122,46	-	-	-	1.309,80	1.199,87	-	-	-	-	-	-	-	11.148,83	-	869,70	-	-	-	-	-	347,90	497,01	1.143,13	-	862,14	1.299,81	-	-	-	32.316,96	7.673,55	179.395,82	418.053,58	1.198.730,25	2.712.117,54	9.293.914,78	74.233.588,57	18.149.374,27	20.992.213,03	21.049.477,30	19.162.546,79	20.338.115,19	20.010.886,93	21.043.484,18	21.398.721,17	20.610.541,50	19.917.313,63	19.343.787,54	20.817.880,66	20.203.568,48	24.174.119,21	22.943.952,73	23.781.906,69	23.671.547,02	23.293.723,39	25.835.544,14	25.151.192,72	24.734.729,29	24.092.679,94	23.177.780,24	24.618.061,92	21.862.807,98	26.556.661,67	24.607.122,59	30.102.976,51	24.546.627,05	24.647.099,10	27.306.084,20	26.559.928,20	24.729.254,00	24.006.963,52	23.938.327,42	25.579.158,99	25.471.498,82	29.967.031,87	26.873.816,69	27.672.239,76	26.403.306,55	26.844.970,28	28.867.593,87	27.699.040,63	28.810.347,55	26.653.484,45	24.578.961,48	27.684.351,19	26.641.545,63	29.594.030,58	28.035.330,25	27.532.690,46	27.762.178,54	26.725.240,89	30.359.745,91	28.019.404,58	29.368.882,00	27.072.146,58	25.625.675,32	29.457.781,97	27.694.012,30	31.495.663,73	33.890.489,43	31.954.649,30	30.693.306,71	30.698.639,79	32.848.134,94	32.803.709,69	32.702.691,20	30.995.511,82	29.448.208,14	31.991.601,57	30.186.539,06	30.974.989,77	33.675.294,99	34.124.577,18	32.480.092,98	33.303.551,27	34.444.400,16	35.783.841,13	35.382.520,84	34.389.680,24	32.861.133,43	33.007.277,66	32.000.428,17	38.248.388,38	35.098.180,40	35.864.292,65	34.546.469,52	35.973.193,80	35.710.411,77	36.145.050,97	35.272.066,20	33.692.558,23	32.450.580,23	33.025.413,04	32.726.717,31	36.415.586,06	33.460.433,52	34.410.079,10	35.564.832,42	32.757.418,20	35.837.390,72	33.976.048,48	32.721.413,51	31.345.202,68	30.956.348,17	34.031.041,86	30.919.086,88	37.533.269,38	33.650.654,21	37.001.970,44	33.666.720,26	33.960.918,36	36.901.693,92	32.726.033,68	35.623.773,23	32.542.379,10	32.347.869,56	33.714.778,59	30.928.404,35	34.866.397,33	33.769.919,62	36.369.592,01	33.499.547,67	35.329.123,74	35.382.552,93	33.785.987,14	36.003.457,43	34.869.950,78	34.057.664,06	34.795.831,02	33.281.553,93	34.953.557,56	36.212.560,90	37.764.296,21	35.376.968,24	36.478.619,43	38.422.948,28	36.351.659,47	37.204.099,49	36.266.747,40	34.053.311,93	36.331.758,37	34.193.014,27	34.754.139,86	28.718.605,33	34.289.345,90	36.875.028,09	38.527.161,79	34.030.118,77	18.665.242,75	4.701.838.893,29
.. Distrito Federal	-	-	-	-	-	-	-	-	-	-	-	-	-	-	-	-	-	-	-	-	-	-	-	-	-	-	-	-	-	-	-	-	-	-	-	-	-	-	-	-	-	-	-	-	-	-	-	-	-	-	-	-	-	-	-	-	-	-	-	-	-	-	-	-	-	-	-	-	-	-	-	-	-	-	-	-	-	-	-	-	-	-	-	-	-	-	-	-	-	-	-	-	-	-	-	-	-	-	-	-	-	-	-	-	-	-	-	-	-	-	-	-	-	-	2.647,89	5.141,11	457,97	-	554,69	554,69	104.654,16	191.951,47	769.966,25	2.165.619,56	3.813.256,48	7.121.965,42	10.561.085,46	10.215.956,80	11.627.918,26	11.922.015,36	11.900.817,00	11.969.271,76	11.299.443,00	11.548.451,89	12.422.577,60	12.419.976,84	12.302.698,99	12.005.669,60	13.150.489,00	12.358.825,51	14.445.518,57	14.434.211,04	14.622.167,93	14.209.413,80	14.459.081,79	15.051.993,46	14.045.711,83	13.162.775,24	13.197.596,70	12.889.509,22	13.484.046,67	13.295.738,66	14.928.384,44	13.535.496,11	14.394.599,86	13.863.063,00	14.051.586,56	15.073.336,93	14.636.724,40	14.052.063,36	14.277.016,84	12.474.757,39	14.611.655,44	13.510.243,87	15.156.900,72	14.830.081,29	15.039.803,35	14.533.593,49	14.152.277,74	16.203.282,14	15.545.333,16	14.984.401,72	14.517.639,25	13.660.139,57	15.243.410,25	14.058.287,03	15.756.452,46	15.264.669,96	15.568.002,78	15.122.475,44	15.049.839,46	15.498.554,36	15.242.942,80	15.813.900,69	13.666.331,64	13.168.229,45	14.102.841,97	14.463.584,48	16.204.274,68	16.661.208,89	17.035.456,90	15.936.938,20	15.619.909,98	17.207.426,40	15.938.775,37	16.919.100,74	14.950.906,68	14.385.540,52	15.347.265,06	14.538.398,24	17.060.470,32	17.181.599,31	17.255.231,12	16.249.619,64	15.587.215,18	14.954.610,88	14.309.931,08	13.765.945,14	14.020.609,04	13.730.781,49	12.285.863,67	11.946.457,93	16.993.513,09	15.989.400,75	15.248.158,43	15.169.933,40	14.584.933,45	15.253.710,89	15.831.816,05	14.370.562,76	14.396.328,33	14.069.268,82	15.556.487,41	15.629.798,61	16.692.761,30	15.922.076,67	17.503.631,22	17.529.009,97	16.547.854,94	17.770.626,70	16.588.931,42	17.420.879,75	16.551.981,73	16.108.634,74	18.097.764,83	15.392.273,58	18.699.348,69	16.523.664,46	15.531.998,60	18.573.610,32	17.541.378,12	19.143.091,84	17.949.844,52	18.200.213,74	17.409.701,46	16.038.710,79	18.976.846,56	18.389.240,38	19.746.542,97	19.508.159,58	19.463.161,26	18.400.388,35	18.783.802,78	20.291.741,30	19.388.061,07	19.677.470,12	18.397.893,23	17.564.774,75	19.662.949,33	18.270.823,61	20.046.081,24	20.602.037,52	21.101.108,01	19.361.819,39	21.514.926,74	21.133.361,51	20.963.621,60	21.333.585,20	19.617.400,92	19.207.148,01	20.429.067,27	18.222.272,19	19.495.422,41	18.130.876,62	21.585.988,21	24.660.165,03	24.629.906,06	18.854.916,82	9.421.157,92	2.449.989.790,87